event_id,customer_id,product_id,campaign_id,event_timestamp,event_type,channel,device,session_id,event_value
EVT000001,CUST0008,PROD0005,,2026-07-05 14:55:23,product_view,Web,Mobile,1c59c4ba-10d,26.14
EVT000002,CUST0078,PROD0044,,2026-07-05 23:39:02,page_view,Web,Mobile,6dbce44a-cfb,0
EVT000003,CUST0083,PROD0024,,2026-07-05 02:53:24,page_view,Web,Tablet,5935dff8-491,0
EVT000004,CUST0058,PROD0024,,2026-07-05 05:35:28,page_view,Web,Tablet,157a4362-c80,0
EVT000005,CUST0047,PROD0026,,2026-07-04 13:50:41,page_view,Mobile App,Mobile,235a099b-087,0
EVT000006,CUST0004,,,2026-07-03 02:48:31,login,Mobile App,Tablet,af628124-227,0
EVT000007,CUST0100,PROD0017,,2026-07-06 01:51:13,page_view,Mobile App,Tablet,f24fed8c-d9a,0
EVT000008,CUST0063,PROD0013,CAMP0003,2026-07-06 03:26:11,campaign_click,Mobile App,Mobile,d3282f9d-5dd,45.04
EVT000009,CUST0041,PROD0043,CAMP0003,2026-07-07 06:11:34,purchase,Mobile App,Mobile,0d6e9865-fd4,153639.34
EVT000010,CUST0090,PROD0041,,2026-07-02 23:32:50,remove_from_cart,Mobile App,Tablet,4c82e4c8-994,0
EVT000011,CUST0026,PROD0009,,2026-07-03 16:38:50,page_view,Mobile App,Mobile,e68e8967-cb9,0
EVT000012,CUST0074,PROD0024,CAMP0018,2026-07-02 11:26:39,product_view,Web,Desktop,915e62ab-b44,44.33
EVT000013,CUST0092,PROD0047,CAMP0014,2026-07-05 15:48:52,product_view,Web,Desktop,73cf8724-7f1,29.17
EVT000014,CUST0058,PROD0030,,2026-07-04 22:04:08,add_to_cart,Web,Mobile,bd13bd66-eb1,44.02
EVT000015,CUST0008,PROD0008,CAMP0010,2026-07-02 20:57:10,product_view,Web,Desktop,6acc8b77-a3e,16.81
EVT000016,CUST0067,PROD0019,,2026-07-01 21:32:16,wishlist,Web,Tablet,f298254b-2d4,0
EVT000017,CUST0036,PROD0009,,2026-07-04 10:41:39,wishlist,Web,Tablet,0bf9067c-b13,0
EVT000018,CUST0076,PROD0038,CAMP0020,2026-07-07 21:14:21,add_to_cart,Web,Mobile,888b72d6-469,42.28
EVT000019,CUST0083,PROD0050,,2026-07-07 13:29:16,page_view,Web,Tablet,47d60cde-1db,0
EVT000020,CUST0082,PROD0002,CAMP0018,2026-07-04 07:05:41,product_view,Mobile App,Mobile,b2e2f56c-62e,47.88
EVT000021,CUST0088,PROD0026,CAMP0003,2026-07-01 16:21:10,purchase,Mobile App,Desktop,ccd3bf29-341,35920.46
EVT000022,CUST0044,PROD0039,CAMP0011,2026-07-04 22:18:25,product_view,Mobile App,Tablet,edad63bb-864,7.41
EVT000023,CUST0041,,,2026-07-06 07:22:07,search,Mobile App,Desktop,81c140ce-655,0
EVT000024,CUST0013,PROD0004,,2026-07-04 07:14:24,page_view,Mobile App,Mobile,a87b156d-946,0
EVT000025,CUST0021,,,2026-07-07 13:44:46,login,Mobile App,Mobile,fc01dd80-ef0,0
EVT000026,CUST0064,PROD0033,CAMP0010,2026-07-06 15:48:01,purchase,Mobile App,Tablet,ddb478cb-c48,66659.48
EVT000027,CUST0031,PROD0014,CAMP0002,2026-07-01 13:48:18,product_view,Mobile App,Desktop,dfad8253-a80,25.25
EVT000028,CUST0014,,,2026-07-02 12:34:56,search,Mobile App,Tablet,8e6f8e59-0ec,0
EVT000029,CUST0052,PROD0024,CAMP0002,2026-07-07 11:43:35,product_view,Mobile App,Mobile,8286bf36-032,10.54
EVT000030,CUST0058,PROD0049,CAMP0020,2026-07-07 22:51:07,product_view,Web,Desktop,6810f376-a6a,7.3
EVT000031,CUST0044,PROD0036,,2026-07-02 15:23:12,product_view,Mobile App,Tablet,0b6316dd-b4d,30.52
EVT000032,CUST0005,PROD0009,,2026-07-04 18:56:51,page_view,Mobile App,Tablet,2ed6757e-111,0
EVT000033,CUST0078,PROD0033,CAMP0020,2026-07-04 14:58:10,product_view,Mobile App,Tablet,4945ac66-dda,20.25
EVT000034,CUST0066,PROD0035,CAMP0019,2026-07-04 09:51:30,product_view,Mobile App,Desktop,2efbc5b7-e91,40.97
EVT000035,CUST0054,PROD0038,CAMP0001,2026-07-07 18:59:30,add_to_cart,Web,Tablet,eff0707d-941,14.01
EVT000036,CUST0062,PROD0011,,2026-07-06 23:09:40,page_view,Mobile App,Mobile,49663304-169,0
EVT000037,CUST0032,PROD0003,CAMP0004,2026-07-03 04:05:01,purchase,Mobile App,Desktop,c7cd4b4d-b07,154374.5
EVT000038,CUST0089,PROD0014,,2026-07-05 16:03:32,page_view,Mobile App,Tablet,e8367b76-90c,0
EVT000039,CUST0091,PROD0009,,2026-07-06 21:38:13,remove_from_cart,Mobile App,Tablet,8bcda10b-99d,0
EVT000040,CUST0049,,,2026-07-02 23:17:29,search,Mobile App,Tablet,c0062dcb-d54,0
EVT000041,CUST0099,PROD0047,,2026-07-04 00:11:39,product_view,Web,Desktop,01ea176e-49e,24.72
EVT000042,CUST0029,,,2026-07-04 06:55:45,search,Web,Tablet,0ed4ca4e-afe,0
EVT000043,CUST0041,PROD0031,CAMP0009,2026-07-04 06:35:07,add_to_cart,Mobile App,Desktop,3108cc00-76e,29.1
EVT000044,CUST0099,PROD0010,CAMP0010,2026-07-01 21:34:22,purchase,Mobile App,Tablet,5d946fc5-01a,81248.14
EVT000045,CUST0026,,,2026-07-04 02:02:59,search,Mobile App,Mobile,ab55b66d-47e,0
EVT000046,CUST0095,PROD0038,,2026-07-03 17:20:15,page_view,Web,Tablet,6ddd5181-a54,0
EVT000047,CUST0029,PROD0041,CAMP0004,2026-07-05 16:51:21,campaign_click,Web,Tablet,da4c0865-1a7,36.15
EVT000048,CUST0001,PROD0036,,2026-07-02 19:07:26,purchase,Mobile App,Desktop,3c4e52eb-647,209564.28
EVT000049,CUST0097,PROD0019,CAMP0002,2026-07-02 00:25:41,add_to_cart,Web,Mobile,5180cc90-891,29.13
EVT000050,CUST0023,PROD0003,,2026-07-05 12:24:50,product_view,Mobile App,Mobile,98f5d08e-b44,25.27
EVT000051,CUST0073,PROD0039,,2026-07-02 05:18:59,page_view,Mobile App,Desktop,71a27763-7eb,0
EVT000052,CUST0083,PROD0035,CAMP0005,2026-07-06 17:41:29,product_view,Web,Desktop,daccfe5f-baf,14.37
EVT000053,CUST0059,PROD0042,,2026-07-03 22:15:45,page_view,Web,Mobile,9ca12717-f76,0
EVT000054,CUST0038,PROD0037,,2026-07-03 04:44:11,remove_from_cart,Mobile App,Desktop,f6e8a2dc-aeb,0
EVT000055,CUST0012,,,2026-07-02 02:02:11,search,Web,Desktop,c81ebf7f-df1,0
EVT000056,CUST0032,PROD0001,CAMP0008,2026-07-06 01:59:48,product_view,Mobile App,Desktop,4660c9a5-104,14.08
EVT000057,CUST0074,,,2026-07-03 23:25:41,search,Mobile App,Tablet,b3e19dd6-ad4,0
EVT000058,CUST0086,PROD0008,,2026-07-06 07:05:19,page_view,Web,Desktop,3ec755e3-630,0
EVT000059,CUST0091,PROD0050,CAMP0004,2026-07-04 08:33:23,add_to_cart,Web,Mobile,134794b6-6f3,31.12
EVT000060,CUST0059,,,2026-07-07 21:24:23,search,Mobile App,Tablet,9988b879-e5c,0
EVT000061,CUST0061,,,2026-07-07 02:46:51,search,Web,Mobile,82e13639-019,0
EVT000062,CUST0077,PROD0006,CAMP0017,2026-07-05 02:47:04,add_to_cart,Web,Mobile,cf4987cd-b6e,45.94
EVT000063,CUST0065,PROD0013,CAMP0005,2026-07-02 20:55:20,purchase,Mobile App,Mobile,8e4731c6-bcf,105021.99
EVT000064,CUST0092,PROD0038,CAMP0017,2026-07-06 01:38:51,add_to_cart,Web,Tablet,697c6cc1-037,3.73
EVT000065,CUST0073,PROD0004,CAMP0010,2026-07-01 05:56:25,product_view,Web,Tablet,25a15208-fb1,13.47
EVT000066,CUST0010,PROD0003,,2026-07-05 19:41:22,page_view,Web,Tablet,c60185cb-6f9,0
EVT000067,CUST0009,,,2026-07-01 08:39:18,logout,Mobile App,Mobile,4949b392-543,0
EVT000068,CUST0099,PROD0042,,2026-07-05 18:47:23,purchase,Mobile App,Desktop,c83c8e8a-4f8,158408.98
EVT000069,CUST0088,PROD0043,,2026-07-02 12:18:41,product_view,Web,Mobile,55ce19a1-6bc,43.15
EVT000070,CUST0051,,,2026-07-02 10:46:46,logout,Web,Mobile,0dd42164-526,0
EVT000071,CUST0039,PROD0030,,2026-07-07 04:40:27,remove_from_cart,Mobile App,Mobile,46005624-6fe,0
EVT000072,CUST0045,PROD0010,,2026-07-04 03:16:12,page_view,Web,Mobile,e7f61dd9-0f7,0
EVT000073,CUST0054,PROD0040,,2026-07-01 04:16:15,purchase,Web,Mobile,84e13682-87b,44777.42
EVT000074,CUST0058,PROD0039,,2026-07-01 13:17:15,add_to_cart,Mobile App,Desktop,3c1f709a-3ca,37.29
EVT000075,CUST0028,PROD0049,,2026-07-01 15:24:08,page_view,Mobile App,Mobile,553c115e-66e,0
EVT000076,CUST0094,PROD0037,CAMP0020,2026-07-04 15:33:15,purchase,Web,Tablet,5e629df6-501,54906.52
EVT000077,CUST0053,,,2026-07-04 03:08:03,search,Web,Tablet,a8463cd3-c97,0
EVT000078,CUST0072,PROD0032,CAMP0012,2026-07-05 08:04:50,add_to_cart,Mobile App,Desktop,9d5f4961-469,26.7
EVT000079,CUST0049,PROD0012,,2026-07-07 02:53:30,page_view,Web,Mobile,a9a85f00-fd1,0
EVT000080,CUST0091,PROD0010,,2026-07-01 15:44:35,product_view,Mobile App,Tablet,79d2807e-de9,21.22
EVT000081,CUST0050,,,2026-07-03 21:37:13,search,Mobile App,Tablet,2b125bde-73a,0
EVT000082,CUST0058,PROD0024,,2026-07-02 01:14:34,page_view,Web,Mobile,697986e8-7f3,0
EVT000083,CUST0087,PROD0039,CAMP0003,2026-07-03 03:22:51,product_view,Web,Desktop,7b9654ab-757,38.32
EVT000084,CUST0043,PROD0020,,2026-07-01 04:11:13,page_view,Web,Tablet,ed19c491-d01,0
EVT000085,CUST0097,PROD0031,,2026-07-03 18:14:44,page_view,Web,Desktop,be5aa741-e88,0
EVT000086,CUST0071,PROD0021,,2026-07-05 07:56:29,campaign_click,Mobile App,Desktop,2ae3069d-0ec,27.15
EVT000087,CUST0066,PROD0032,CAMP0016,2026-07-04 15:26:58,product_view,Mobile App,Desktop,3506bfec-dab,10.95
EVT000088,CUST0029,PROD0048,,2026-07-02 15:50:01,page_view,Mobile App,Tablet,b52735b9-ee9,0
EVT000089,CUST0075,PROD0047,,2026-07-05 18:01:18,wishlist,Web,Mobile,bfa92467-024,0
EVT000090,CUST0049,PROD0037,,2026-07-06 16:20:35,product_view,Mobile App,Desktop,45362d17-c85,33.08
EVT000091,CUST0063,PROD0047,CAMP0016,2026-07-06 05:50:10,purchase,Mobile App,Mobile,bccd97b9-82e,17916.09
EVT000092,CUST0070,PROD0032,,2026-07-03 02:15:58,page_view,Web,Tablet,296b1895-b21,0
EVT000093,CUST0010,PROD0043,,2026-07-01 13:14:48,page_view,Web,Desktop,9aaabfae-671,0
EVT000094,CUST0081,PROD0015,,2026-07-01 18:33:45,page_view,Web,Mobile,23cec95e-deb,0
EVT000095,CUST0059,PROD0024,,2026-07-01 16:30:39,page_view,Mobile App,Tablet,92748f7f-557,0
EVT000096,CUST0001,,,2026-07-07 06:38:26,search,Web,Mobile,1ef874d4-35c,0
EVT000097,CUST0036,,,2026-07-04 06:17:01,search,Mobile App,Mobile,fcafbe6f-3b3,0
EVT000098,CUST0013,PROD0034,,2026-07-02 16:39:15,page_view,Web,Tablet,22b78da6-79f,0
EVT000099,CUST0046,,,2026-07-05 12:22:05,search,Mobile App,Desktop,f73fbc1c-6fb,0
EVT000100,CUST0032,PROD0045,CAMP0003,2026-07-01 08:39:05,product_view,Mobile App,Tablet,90152e74-6a4,20.86
EVT000101,CUST0082,,,2026-07-02 22:47:05,search,Mobile App,Desktop,4ab2978b-39a,0
EVT000102,CUST0043,PROD0037,,2026-07-02 02:02:57,add_to_cart,Web,Mobile,f48df273-c1a,26.88
EVT000103,CUST0089,PROD0037,,2026-07-06 09:50:17,page_view,Web,Mobile,3ebdd342-78b,0
EVT000104,CUST0036,PROD0035,CAMP0002,2026-07-03 00:58:59,add_to_cart,Web,Mobile,9357649e-f61,42.67
EVT000105,CUST0097,,,2026-07-05 12:45:59,search,Web,Desktop,d1562fe1-7b6,0
EVT000106,CUST0031,PROD0037,,2026-07-05 10:15:43,page_view,Mobile App,Desktop,1f1119be-771,0
EVT000107,CUST0018,PROD0045,,2026-07-01 21:24:32,remove_from_cart,Mobile App,Mobile,cbef2206-0e6,0
EVT000108,CUST0030,PROD0005,,2026-07-04 21:00:38,page_view,Mobile App,Desktop,5f1299e9-b41,0
EVT000109,CUST0035,PROD0029,,2026-07-06 13:58:14,page_view,Mobile App,Tablet,bdf5e310-2eb,0
EVT000110,CUST0056,PROD0012,,2026-07-07 15:58:42,wishlist,Mobile App,Mobile,1035d19e-caf,0
EVT000111,CUST0038,PROD0016,,2026-07-01 22:24:17,purchase,Mobile App,Tablet,8904749a-b3b,25986.68
EVT000112,CUST0020,PROD0048,CAMP0012,2026-07-02 05:05:05,purchase,Mobile App,Desktop,aa4d2edd-e5b,34182.58
EVT000113,CUST0035,PROD0007,CAMP0006,2026-07-05 21:41:28,product_view,Mobile App,Mobile,1f5e3230-7d0,28.29
EVT000114,CUST0046,PROD0036,,2026-07-02 01:24:38,page_view,Mobile App,Desktop,32832d37-ee7,0
EVT000115,CUST0053,PROD0025,,2026-07-01 23:07:46,page_view,Web,Tablet,7c8d41c5-78b,0
EVT000116,CUST0088,,,2026-07-02 22:17:08,search,Mobile App,Desktop,024a8842-578,0
EVT000117,CUST0019,PROD0005,CAMP0009,2026-07-05 18:59:19,product_view,Web,Desktop,9d36651d-515,24.73
EVT000118,CUST0032,PROD0047,CAMP0020,2026-07-03 05:23:29,product_view,Mobile App,Mobile,be54cc5a-e3b,6.24
EVT000119,CUST0043,PROD0040,,2026-07-05 07:44:51,wishlist,Mobile App,Desktop,c08788eb-c21,0
EVT000120,CUST0084,PROD0039,CAMP0011,2026-07-07 20:43:44,product_view,Mobile App,Mobile,0ae3fca1-bbd,10.84
EVT000121,CUST0041,,,2026-07-06 14:04:36,login,Web,Desktop,fb8e8c91-a29,0
EVT000122,CUST0051,PROD0024,CAMP0019,2026-07-03 06:33:37,product_view,Web,Tablet,0550d490-be4,49.87
EVT000123,CUST0004,PROD0047,CAMP0007,2026-07-05 23:43:51,purchase,Web,Desktop,3e481783-bee,11944.06
EVT000124,CUST0018,PROD0041,CAMP0009,2026-07-02 18:05:45,add_to_cart,Mobile App,Mobile,a3bfd29e-f02,21.73
EVT000125,CUST0077,PROD0031,CAMP0018,2026-07-06 18:20:59,product_view,Mobile App,Tablet,153f2b09-2a0,46.1
EVT000126,CUST0047,PROD0045,,2026-07-07 02:36:38,page_view,Web,Mobile,019f1141-7e7,0
EVT000127,CUST0085,PROD0043,CAMP0020,2026-07-01 12:05:36,purchase,Mobile App,Desktop,1c1b4f8d-d78,230459.01
EVT000128,CUST0056,,,2026-07-01 02:52:06,login,Mobile App,Mobile,9a917c82-adb,0
EVT000129,CUST0067,,,2026-07-07 14:31:44,search,Web,Desktop,e1fe1ae7-20f,0
EVT000130,CUST0060,PROD0050,,2026-07-06 16:39:09,product_view,Web,Desktop,f9fa8832-e19,17.9
EVT000131,CUST0054,PROD0006,,2026-07-02 07:41:53,page_view,Web,Desktop,8fcd8a71-4f4,0
EVT000132,CUST0059,PROD0014,CAMP0012,2026-07-06 10:01:06,product_view,Mobile App,Desktop,3be27d34-6c0,22.47
EVT000133,CUST0006,PROD0046,,2026-07-02 07:25:01,page_view,Mobile App,Tablet,8d30974f-bca,0
EVT000134,CUST0022,PROD0048,,2026-07-03 18:36:33,page_view,Web,Tablet,c8bdd28b-ca3,0
EVT000135,CUST0072,PROD0028,,2026-07-06 06:10:14,page_view,Mobile App,Tablet,26276156-993,0
EVT000136,CUST0082,PROD0043,,2026-07-05 22:00:25,page_view,Web,Tablet,8fd9d0e9-4f1,0
EVT000137,CUST0026,PROD0029,CAMP0013,2026-07-01 01:12:45,add_to_cart,Mobile App,Tablet,4142bb97-bdd,11.53
EVT000138,CUST0009,PROD0037,CAMP0018,2026-07-03 03:03:23,purchase,Web,Desktop,c1877b1f-cee,54906.52
EVT000139,CUST0086,PROD0032,,2026-07-07 00:06:40,page_view,Mobile App,Tablet,aaa88cf4-fe7,0
EVT000140,CUST0051,PROD0038,CAMP0012,2026-07-06 05:01:39,product_view,Mobile App,Tablet,5807382e-b3e,9.45
EVT000141,CUST0087,PROD0009,CAMP0008,2026-07-04 11:23:07,add_to_cart,Web,Tablet,6311f10d-997,9.97
EVT000142,CUST0077,PROD0009,CAMP0014,2026-07-03 02:43:31,product_view,Web,Tablet,0adcc5c7-af5,32.14
EVT000143,CUST0037,PROD0009,,2026-07-03 03:05:20,page_view,Mobile App,Tablet,4e21c109-67f,0
EVT000144,CUST0046,PROD0001,,2026-07-06 12:19:08,page_view,Web,Desktop,60eb1c7f-0f6,0
EVT000145,CUST0065,,,2026-07-06 15:09:26,login,Mobile App,Desktop,10ebd6bb-32a,0
EVT000146,CUST0057,PROD0032,,2026-07-02 21:40:05,remove_from_cart,Web,Mobile,da483b1b-99c,0
EVT000147,CUST0036,PROD0015,CAMP0006,2026-07-06 04:52:36,product_view,Mobile App,Tablet,6c2304d3-96b,37.38
EVT000148,CUST0074,,,2026-07-04 01:09:49,search,Mobile App,Tablet,b6918dcb-596,0
EVT000149,CUST0006,PROD0049,,2026-07-07 05:11:13,purchase,Web,Tablet,1a9f2aff-802,132363.0
EVT000150,CUST0097,PROD0016,CAMP0002,2026-07-06 02:48:16,purchase,Web,Desktop,d1165565-955,51973.36
EVT000151,CUST0016,PROD0050,,2026-07-03 09:18:51,campaign_click,Mobile App,Tablet,bcfb75a5-25d,37.14
EVT000152,CUST0055,PROD0011,CAMP0007,2026-07-03 08:30:51,add_to_cart,Mobile App,Tablet,cb720761-59b,3.91
EVT000153,CUST0069,PROD0011,CAMP0010,2026-07-04 07:00:36,product_view,Web,Mobile,0c264c09-e4e,14.1
EVT000154,CUST0053,,,2026-07-04 03:43:55,login,Web,Tablet,bb8eeb94-d4a,0
EVT000155,CUST0032,PROD0010,,2026-07-03 19:35:48,campaign_click,Mobile App,Desktop,75ce9a38-400,42.33
EVT000156,CUST0081,PROD0018,,2026-07-05 17:06:24,page_view,Mobile App,Mobile,4250b076-bcf,0
EVT000157,CUST0099,PROD0006,CAMP0009,2026-07-05 04:46:29,add_to_cart,Mobile App,Tablet,6951a3c5-5db,47.56
EVT000158,CUST0100,PROD0047,,2026-07-02 01:26:46,page_view,Mobile App,Tablet,361e4816-c65,0
EVT000159,CUST0046,PROD0005,,2026-07-05 12:36:13,add_to_cart,Web,Desktop,96d1bfdf-60a,48.44
EVT000160,CUST0037,PROD0022,CAMP0005,2026-07-07 10:35:54,product_view,Mobile App,Tablet,d2cb2465-029,24.78
EVT000161,CUST0006,PROD0007,CAMP0015,2026-07-01 04:26:07,purchase,Mobile App,Desktop,4c28c72c-3cd,55865.28
EVT000162,CUST0055,PROD0013,,2026-07-02 12:01:56,page_view,Mobile App,Mobile,f3a6e388-a8d,0
EVT000163,CUST0036,PROD0006,,2026-07-03 20:22:05,campaign_click,Web,Mobile,1c77f2a8-6af,19.22
EVT000164,CUST0040,PROD0047,,2026-07-03 15:56:27,product_view,Web,Mobile,87514c52-8f5,33.12
EVT000165,CUST0010,PROD0009,,2026-07-07 18:06:14,page_view,Mobile App,Mobile,e0b06af5-349,0
EVT000166,CUST0044,PROD0008,,2026-07-05 19:19:44,page_view,Web,Desktop,c148b792-dd6,0
EVT000167,CUST0050,PROD0006,,2026-07-02 03:58:06,page_view,Mobile App,Desktop,10e472ef-82f,0
EVT000168,CUST0018,PROD0025,,2026-07-02 12:21:41,campaign_click,Web,Mobile,f6c69575-2dd,49.65
EVT000169,CUST0002,,,2026-07-02 20:48:28,search,Mobile App,Tablet,2318fb8a-0ad,0
EVT000170,CUST0096,PROD0010,,2026-07-05 16:25:39,page_view,Mobile App,Mobile,9b0f81fb-178,0
EVT000171,CUST0013,PROD0009,,2026-07-02 09:37:37,page_view,Mobile App,Desktop,a5d103cd-e19,0
EVT000172,CUST0041,,,2026-07-03 19:39:17,login,Web,Mobile,ebb54664-ef6,0
EVT000173,CUST0077,,,2026-07-07 21:54:18,search,Web,Tablet,2eeede96-edb,0
EVT000174,CUST0027,PROD0034,CAMP0007,2026-07-05 10:58:18,campaign_click,Web,Desktop,7809d548-6f9,32.66
EVT000175,CUST0031,PROD0032,CAMP0003,2026-07-07 00:15:56,product_view,Mobile App,Desktop,01acd23d-5b5,48.91
EVT000176,CUST0073,PROD0027,,2026-07-05 03:46:34,page_view,Web,Desktop,7c17946c-959,0
EVT000177,CUST0099,PROD0005,,2026-07-01 04:33:37,wishlist,Web,Mobile,c3b0115d-3fc,0
EVT000178,CUST0006,PROD0004,,2026-07-05 12:40:32,product_view,Mobile App,Desktop,c6f6d049-171,15.04
EVT000179,CUST0011,PROD0041,CAMP0020,2026-07-02 17:41:17,add_to_cart,Web,Tablet,961cf4a0-8f0,5.1
EVT000180,CUST0020,PROD0035,,2026-07-04 17:13:25,wishlist,Web,Desktop,9d26e313-ae3,0
EVT000181,CUST0094,PROD0016,CAMP0003,2026-07-05 22:38:07,add_to_cart,Web,Desktop,8638dced-f71,23.22
EVT000182,CUST0085,PROD0048,CAMP0001,2026-07-02 13:28:44,add_to_cart,Mobile App,Desktop,71c6c993-031,1.56
EVT000183,CUST0093,,,2026-07-02 21:35:23,search,Web,Tablet,bc01353f-42a,0
EVT000184,CUST0035,PROD0047,,2026-07-01 08:00:21,purchase,Mobile App,Tablet,97faa1e2-87b,11944.06
EVT000185,CUST0092,PROD0037,,2026-07-01 21:02:31,page_view,Mobile App,Tablet,a7d79137-1aa,0
EVT000186,CUST0064,PROD0037,CAMP0006,2026-07-03 21:39:49,product_view,Web,Mobile,4655f367-124,6.04
EVT000187,CUST0001,PROD0003,,2026-07-01 03:21:15,remove_from_cart,Web,Desktop,e76685ee-4f4,0
EVT000188,CUST0020,PROD0012,,2026-07-01 09:39:35,product_view,Mobile App,Mobile,feb1289b-488,40.35
EVT000189,CUST0054,PROD0047,CAMP0003,2026-07-07 12:04:23,product_view,Web,Mobile,2703ed26-cc8,6.85
EVT000190,CUST0067,PROD0003,,2026-07-05 13:28:04,page_view,Mobile App,Desktop,471c4675-c3c,0
EVT000191,CUST0040,PROD0021,CAMP0015,2026-07-01 02:10:23,purchase,Mobile App,Tablet,3e457846-3d8,22587.78
EVT000192,CUST0095,PROD0040,CAMP0012,2026-07-07 17:34:31,purchase,Web,Mobile,3cd2555a-572,44777.42
EVT000193,CUST0053,PROD0002,,2026-07-03 15:37:34,page_view,Mobile App,Tablet,7126acf5-992,0
EVT000194,CUST0002,PROD0022,CAMP0013,2026-07-04 11:58:06,purchase,Web,Desktop,97fafaf7-a8b,1108.04
EVT000195,CUST0008,,,2026-07-04 04:24:05,search,Web,Mobile,7cc553bd-b03,0
EVT000196,CUST0067,PROD0027,,2026-07-05 05:42:29,campaign_click,Web,Tablet,8a4357a6-018,48.75
EVT000197,CUST0018,PROD0041,,2026-07-05 11:41:04,page_view,Web,Desktop,3b59142c-762,0
EVT000198,CUST0017,PROD0016,CAMP0011,2026-07-05 11:18:44,add_to_cart,Mobile App,Desktop,00331c72-b21,41.76
EVT000199,CUST0030,PROD0005,,2026-07-02 13:10:49,product_view,Web,Mobile,da4cec38-e33,38.74
EVT000200,CUST0058,PROD0030,,2026-07-04 13:45:26,page_view,Web,Tablet,4b911239-866,0
EVT000201,CUST0099,PROD0014,CAMP0015,2026-07-04 00:21:54,product_view,Web,Tablet,f9879c71-7d7,6.88
EVT000202,CUST0091,PROD0045,CAMP0007,2026-07-04 17:30:09,product_view,Web,Desktop,6c5b6f33-0a4,5.47
EVT000203,CUST0007,PROD0044,CAMP0006,2026-07-01 08:29:25,product_view,Web,Mobile,7800245e-702,42.88
EVT000204,CUST0018,PROD0008,CAMP0008,2026-07-02 11:41:12,product_view,Mobile App,Tablet,1cf5bd03-035,41.36
EVT000205,CUST0083,PROD0006,CAMP0009,2026-07-01 20:28:01,add_to_cart,Web,Tablet,76bcb15d-6ca,49.86
EVT000206,CUST0017,PROD0006,,2026-07-04 18:32:07,product_view,Mobile App,Mobile,cfa4a71b-9b1,3.09
EVT000207,CUST0074,PROD0028,,2026-07-05 11:51:31,page_view,Web,Desktop,1cdf0d50-1d9,0
EVT000208,CUST0023,PROD0023,CAMP0006,2026-07-04 03:05:17,add_to_cart,Web,Mobile,9c3b9a44-810,22.85
EVT000209,CUST0079,PROD0016,CAMP0016,2026-07-05 16:30:56,add_to_cart,Web,Mobile,1e5bfdb7-01a,27.98
EVT000210,CUST0018,PROD0027,CAMP0017,2026-07-03 20:02:40,product_view,Web,Desktop,c03fce41-b47,49.71
EVT000211,CUST0046,PROD0031,CAMP0016,2026-07-04 21:56:58,purchase,Mobile App,Desktop,011f5857-e8a,228251.82
EVT000212,CUST0004,PROD0021,CAMP0001,2026-07-04 04:42:03,product_view,Mobile App,Tablet,1322a9da-6ea,40.62
EVT000213,CUST0075,PROD0015,,2026-07-02 03:20:15,product_view,Mobile App,Tablet,dd5d637c-2a9,33.19
EVT000214,CUST0095,PROD0004,,2026-07-03 11:54:36,purchase,Mobile App,Mobile,f1d41f6c-c4b,148662.62
EVT000215,CUST0076,PROD0021,,2026-07-05 01:58:58,page_view,Web,Tablet,03e39baa-504,0
EVT000216,CUST0073,PROD0037,CAMP0007,2026-07-06 14:24:34,add_to_cart,Mobile App,Mobile,8cf17204-c43,16.14
EVT000217,CUST0030,PROD0039,,2026-07-03 11:44:01,page_view,Mobile App,Mobile,572e9603-a3c,0
EVT000218,CUST0079,PROD0013,,2026-07-04 21:02:45,product_view,Mobile App,Mobile,c5780dd7-1b3,9.7
EVT000219,CUST0076,PROD0046,,2026-07-02 14:40:49,page_view,Web,Tablet,2f388ec8-531,0
EVT000220,CUST0010,PROD0024,,2026-07-05 12:01:37,campaign_click,Mobile App,Desktop,05636120-ab8,5.95
EVT000221,CUST0021,PROD0047,,2026-07-05 23:17:50,page_view,Mobile App,Tablet,b23b2757-615,0
EVT000222,CUST0091,PROD0036,,2026-07-07 23:35:50,product_view,Web,Desktop,615f839e-038,18.48
EVT000223,CUST0089,PROD0019,CAMP0001,2026-07-07 12:25:25,product_view,Web,Mobile,739d2f75-778,42.69
EVT000224,CUST0079,PROD0015,CAMP0004,2026-07-06 15:29:09,add_to_cart,Web,Mobile,3ec0c125-0c7,17.23
EVT000225,CUST0041,PROD0011,CAMP0003,2026-07-04 19:40:28,product_view,Web,Mobile,c33c3bbf-2e1,1.56
EVT000226,CUST0045,PROD0017,,2026-07-01 00:20:03,add_to_cart,Mobile App,Mobile,4f8ca6fe-e6e,19.91
EVT000227,CUST0064,PROD0025,CAMP0013,2026-07-02 03:41:53,campaign_click,Web,Mobile,2956fb5f-5d5,24.49
EVT000228,CUST0005,PROD0019,CAMP0009,2026-07-02 04:35:04,product_view,Mobile App,Mobile,8f4905c5-b79,17.75
EVT000229,CUST0071,PROD0006,,2026-07-04 20:16:38,remove_from_cart,Mobile App,Tablet,af420c77-a1b,0
EVT000230,CUST0084,PROD0011,,2026-07-07 21:50:56,page_view,Mobile App,Mobile,4008d1f0-236,0
EVT000231,CUST0043,PROD0014,,2026-07-03 03:52:26,page_view,Mobile App,Tablet,df794db3-a15,0
EVT000232,CUST0031,PROD0007,CAMP0019,2026-07-07 06:05:53,product_view,Web,Desktop,646e2b0b-d8e,25.06
EVT000233,CUST0012,PROD0019,,2026-07-07 19:53:30,page_view,Web,Mobile,f2ad7562-e6b,0
EVT000234,CUST0022,PROD0041,,2026-07-04 07:41:05,page_view,Mobile App,Mobile,21d8f017-5b0,0
EVT000235,CUST0051,PROD0031,CAMP0009,2026-07-02 00:53:41,product_view,Web,Desktop,24cbcc8f-5cf,27.66
EVT000236,CUST0048,PROD0012,CAMP0009,2026-07-06 00:04:29,campaign_click,Mobile App,Tablet,abb1a2a1-f19,13.91
EVT000237,CUST0097,PROD0045,,2026-07-02 02:24:05,page_view,Mobile App,Tablet,3f9c0e5c-89c,0
EVT000238,CUST0097,PROD0038,CAMP0002,2026-07-05 09:42:52,product_view,Mobile App,Tablet,cd0907ed-a35,26.61
EVT000239,CUST0061,PROD0020,CAMP0002,2026-07-06 17:06:36,campaign_click,Web,Mobile,e4659ae5-810,45.12
EVT000240,CUST0058,PROD0012,,2026-07-02 21:38:13,wishlist,Web,Mobile,b690c6ee-af5,0
EVT000241,CUST0011,PROD0044,,2026-07-05 22:53:12,page_view,Web,Tablet,28413fc7-6e4,0
EVT000242,CUST0094,PROD0005,CAMP0018,2026-07-05 12:30:35,product_view,Mobile App,Tablet,902029c0-234,16.98
EVT000243,CUST0002,PROD0045,CAMP0017,2026-07-05 18:34:07,product_view,Web,Tablet,d7e0b748-bfb,21.31
EVT000244,CUST0098,,,2026-07-02 04:50:36,search,Web,Desktop,9d28f75f-b23,0
EVT000245,CUST0045,PROD0027,CAMP0016,2026-07-07 12:12:38,campaign_click,Web,Desktop,5993b087-2c0,24.18
EVT000246,CUST0080,PROD0039,,2026-07-05 13:41:02,product_view,Mobile App,Tablet,615c9e76-eb6,20.39
EVT000247,CUST0096,PROD0031,,2026-07-04 01:20:57,page_view,Mobile App,Mobile,76ed6297-a00,0
EVT000248,CUST0039,PROD0020,CAMP0016,2026-07-02 02:49:55,product_view,Mobile App,Tablet,c20c127c-ee5,12.17
EVT000249,CUST0042,PROD0018,,2026-07-07 21:11:41,product_view,Mobile App,Mobile,c17a3ee2-d48,5.38
EVT000250,CUST0053,PROD0048,CAMP0017,2026-07-05 06:06:52,campaign_click,Web,Mobile,a5d1b0a2-b2f,3.75
EVT000251,CUST0065,PROD0026,CAMP0017,2026-07-07 11:17:01,product_view,Web,Mobile,7eb663b7-0f0,9.51
EVT000252,CUST0059,PROD0004,,2026-07-05 02:24:45,page_view,Web,Desktop,8f9f884b-a18,0
EVT000253,CUST0060,PROD0033,CAMP0004,2026-07-01 08:20:15,product_view,Mobile App,Mobile,8ffa9fc3-8d3,19.25
EVT000254,CUST0061,,,2026-07-07 06:33:22,login,Mobile App,Mobile,aa8aa74c-aba,0
EVT000255,CUST0034,PROD0048,,2026-07-02 00:40:18,purchase,Mobile App,Mobile,fba8645f-a64,34182.58
EVT000256,CUST0074,PROD0050,,2026-07-03 10:31:54,page_view,Web,Tablet,fbe5df54-2a1,0
EVT000257,CUST0027,PROD0018,,2026-07-05 15:49:32,page_view,Web,Tablet,59febd67-093,0
EVT000258,CUST0017,PROD0042,,2026-07-02 23:17:38,page_view,Web,Mobile,62dd8c16-066,0
EVT000259,CUST0040,PROD0046,,2026-07-04 03:11:27,product_view,Mobile App,Desktop,5276dee3-b02,44.88
EVT000260,CUST0060,PROD0020,,2026-07-05 12:26:37,product_view,Mobile App,Tablet,c5acb040-266,6.01
EVT000261,CUST0078,PROD0019,CAMP0004,2026-07-06 11:32:04,add_to_cart,Mobile App,Tablet,5945651b-3bf,17.48
EVT000262,CUST0036,PROD0017,,2026-07-04 09:35:12,product_view,Web,Mobile,4eaec8fd-149,8.35
EVT000263,CUST0077,PROD0026,,2026-07-02 14:12:46,purchase,Mobile App,Desktop,7439d226-899,17960.23
EVT000264,CUST0054,PROD0026,CAMP0002,2026-07-07 15:12:45,product_view,Web,Desktop,ddda1a0c-b3c,49.74
EVT000265,CUST0029,PROD0044,,2026-07-07 01:59:40,remove_from_cart,Mobile App,Tablet,f47bb85d-af3,0
EVT000266,CUST0039,PROD0011,,2026-07-07 08:26:11,product_view,Mobile App,Mobile,4950a1a4-9b8,15.4
EVT000267,CUST0093,PROD0036,,2026-07-03 01:59:43,remove_from_cart,Mobile App,Tablet,d313337f-0a0,0
EVT000268,CUST0046,PROD0015,,2026-07-04 11:51:26,page_view,Mobile App,Desktop,4804c792-69e,0
EVT000269,CUST0038,PROD0030,,2026-07-06 08:29:03,product_view,Web,Desktop,071e4766-66b,43.45
EVT000270,CUST0065,PROD0008,,2026-07-05 08:13:33,campaign_click,Web,Mobile,08f9e762-eb9,15.62
EVT000271,CUST0026,PROD0022,,2026-07-05 15:44:36,page_view,Mobile App,Mobile,eb6cc50d-922,0
EVT000272,CUST0092,PROD0012,,2026-07-06 13:08:21,product_view,Web,Desktop,5cf424d7-c75,31.92
EVT000273,CUST0001,PROD0029,CAMP0006,2026-07-07 13:21:48,add_to_cart,Web,Mobile,ae02bc15-441,8.76
EVT000274,CUST0082,PROD0028,CAMP0016,2026-07-05 08:40:00,add_to_cart,Web,Tablet,fb059052-b4c,2.85
EVT000275,CUST0002,PROD0021,,2026-07-07 01:00:12,product_view,Web,Tablet,cbf767c4-d21,1.88
EVT000276,CUST0029,PROD0045,,2026-07-04 22:01:19,remove_from_cart,Web,Mobile,64838b7c-831,0
EVT000277,CUST0076,PROD0020,CAMP0002,2026-07-04 09:25:18,product_view,Mobile App,Desktop,a3ccb952-bfd,23.34
EVT000278,CUST0018,PROD0022,,2026-07-06 13:51:22,campaign_click,Web,Desktop,25c3caa3-e23,37.76
EVT000279,CUST0029,PROD0047,,2026-07-02 11:49:13,page_view,Web,Tablet,c8857f34-360,0
EVT000280,CUST0016,,,2026-07-01 10:12:24,search,Mobile App,Tablet,c86ea5b4-019,0
EVT000281,CUST0077,PROD0004,,2026-07-01 05:23:03,add_to_cart,Mobile App,Desktop,e6ee9a9d-a4c,34.8
EVT000282,CUST0071,PROD0017,CAMP0005,2026-07-03 08:06:44,product_view,Web,Desktop,1852cfbc-f40,34.6
EVT000283,CUST0013,PROD0043,CAMP0020,2026-07-07 21:22:44,product_view,Web,Tablet,30f6a752-b69,7.72
EVT000284,CUST0016,PROD0019,,2026-07-02 07:07:50,remove_from_cart,Web,Desktop,4938000a-640,0
EVT000285,CUST0026,PROD0050,,2026-07-03 23:48:53,page_view,Web,Desktop,f326cd7c-1e1,0
EVT000286,CUST0038,PROD0011,CAMP0016,2026-07-03 08:42:44,add_to_cart,Mobile App,Mobile,cd4b49c5-55b,46.72
EVT000287,CUST0086,PROD0006,,2026-07-02 06:09:53,page_view,Mobile App,Mobile,39dd1530-ee3,0
EVT000288,CUST0100,PROD0033,,2026-07-01 20:29:46,wishlist,Web,Desktop,285f36e8-a83,0
EVT000289,CUST0059,PROD0019,CAMP0002,2026-07-02 03:15:52,add_to_cart,Web,Desktop,4abf8197-06d,9.56
EVT000290,CUST0087,PROD0021,CAMP0004,2026-07-02 01:56:54,product_view,Web,Mobile,1ea4a5c7-c69,38.15
EVT000291,CUST0085,PROD0042,CAMP0012,2026-07-05 23:31:39,campaign_click,Web,Desktop,8ab136b3-85e,14.15
EVT000292,CUST0024,PROD0008,CAMP0015,2026-07-04 02:13:53,purchase,Mobile App,Desktop,7ba48654-9c8,127516.62
EVT000293,CUST0022,PROD0008,CAMP0002,2026-07-02 19:31:06,add_to_cart,Mobile App,Tablet,245298fd-9fa,21.39
EVT000294,CUST0024,PROD0040,CAMP0012,2026-07-07 22:56:01,add_to_cart,Web,Desktop,7fbe636d-da7,43.27
EVT000295,CUST0015,PROD0027,,2026-07-06 00:20:02,wishlist,Web,Desktop,377eebc2-22f,0
EVT000296,CUST0002,PROD0046,,2026-07-06 23:18:49,add_to_cart,Web,Tablet,fdaffbc5-f37,37.44
EVT000297,CUST0067,PROD0034,,2026-07-02 02:00:27,campaign_click,Web,Desktop,95e472e1-1b5,33.42
EVT000298,CUST0087,PROD0042,CAMP0018,2026-07-07 23:21:03,product_view,Web,Tablet,78b05f9e-c68,1.57
EVT000299,CUST0064,PROD0011,CAMP0016,2026-07-04 15:33:15,campaign_click,Mobile App,Mobile,b3730d91-d00,17.21
EVT000300,CUST0071,,,2026-07-05 07:23:25,search,Web,Mobile,148f64be-634,0
EVT000301,CUST0074,PROD0029,CAMP0016,2026-07-06 02:04:20,product_view,Mobile App,Tablet,4de857f0-e3f,6.82
EVT000302,CUST0014,PROD0026,CAMP0018,2026-07-07 05:56:00,add_to_cart,Mobile App,Tablet,c70cfc6b-42c,41.47
EVT000303,CUST0084,,,2026-07-06 04:34:21,search,Mobile App,Mobile,35222fec-405,0
EVT000304,CUST0059,PROD0022,CAMP0020,2026-07-07 19:49:30,purchase,Mobile App,Tablet,ddee82f4-6cd,3324.12
EVT000305,CUST0013,PROD0049,,2026-07-01 00:35:21,product_view,Mobile App,Tablet,2e4c6d76-522,18.4
EVT000306,CUST0090,,,2026-07-01 12:30:57,search,Web,Desktop,11094c7f-529,0
EVT000307,CUST0092,PROD0048,,2026-07-05 15:44:06,page_view,Mobile App,Tablet,a722d126-a58,0
EVT000308,CUST0016,PROD0026,,2026-07-03 10:52:29,page_view,Web,Tablet,70fdefd2-47d,0
EVT000309,CUST0097,PROD0027,CAMP0019,2026-07-02 09:38:49,product_view,Mobile App,Tablet,b649d824-0ba,44.7
EVT000310,CUST0065,,,2026-07-06 16:12:00,search,Web,Tablet,872744b6-53f,0
EVT000311,CUST0075,PROD0031,,2026-07-06 18:48:49,wishlist,Web,Tablet,667c1bbb-0f7,0
EVT000312,CUST0094,,,2026-07-02 04:16:24,search,Mobile App,Tablet,e577e04e-d6b,0
EVT000313,CUST0054,PROD0039,,2026-07-03 19:47:17,campaign_click,Mobile App,Desktop,cc234da0-d2e,20.5
EVT000314,CUST0018,PROD0009,CAMP0017,2026-07-04 09:37:53,product_view,Mobile App,Tablet,d9cc10c5-067,35.37
EVT000315,CUST0071,PROD0041,,2026-07-03 11:20:12,remove_from_cart,Web,Tablet,56f27959-b5f,0
EVT000316,CUST0088,PROD0023,,2026-07-02 12:13:45,remove_from_cart,Web,Tablet,6dbbeb71-cd6,0
EVT000317,CUST0082,,,2026-07-02 07:30:48,search,Mobile App,Tablet,616eec99-28f,0
EVT000318,CUST0074,,,2026-07-05 17:59:43,search,Mobile App,Desktop,e6f20a72-df3,0
EVT000319,CUST0067,PROD0007,CAMP0005,2026-07-01 14:29:42,purchase,Web,Desktop,6aba571e-3ee,55865.28
EVT000320,CUST0021,PROD0019,,2026-07-03 20:25:09,remove_from_cart,Web,Tablet,f0bef2cd-0d4,0
EVT000321,CUST0027,PROD0049,CAMP0012,2026-07-06 03:35:06,purchase,Web,Tablet,6a56d3d0-31b,198544.5
EVT000322,CUST0050,PROD0016,CAMP0010,2026-07-01 12:49:59,add_to_cart,Mobile App,Tablet,cd538120-281,19.7
EVT000323,CUST0071,PROD0004,CAMP0009,2026-07-03 07:27:39,product_view,Mobile App,Mobile,812f3c2e-43c,43.57
EVT000324,CUST0091,PROD0046,CAMP0019,2026-07-07 05:15:47,campaign_click,Web,Desktop,54e39069-24f,30.57
EVT000325,CUST0088,PROD0005,CAMP0006,2026-07-06 20:18:07,product_view,Mobile App,Desktop,0907105c-d31,19.48
EVT000326,CUST0017,,,2026-07-07 15:28:54,search,Mobile App,Mobile,b3366de8-a3c,0
EVT000327,CUST0091,PROD0010,CAMP0011,2026-07-07 18:59:03,product_view,Mobile App,Desktop,e0b199f9-28f,38.91
EVT000328,CUST0071,PROD0023,CAMP0011,2026-07-06 23:28:14,purchase,Web,Tablet,6fbfebad-a8c,19535.08
EVT000329,CUST0070,PROD0035,,2026-07-05 14:09:05,page_view,Mobile App,Mobile,c73760b9-e06,0
EVT000330,CUST0085,PROD0022,CAMP0010,2026-07-03 11:39:48,campaign_click,Mobile App,Tablet,ef65dfbd-3c7,31.3
EVT000331,CUST0084,PROD0001,CAMP0012,2026-07-06 01:41:15,purchase,Web,Mobile,c245130f-3de,184262.34
EVT000332,CUST0042,PROD0025,,2026-07-02 06:57:24,add_to_cart,Mobile App,Mobile,f63ed0ed-089,13.57
EVT000333,CUST0099,PROD0024,CAMP0017,2026-07-06 01:40:31,campaign_click,Web,Desktop,aa7954f9-6ea,3.15
EVT000334,CUST0013,,,2026-07-07 02:54:34,search,Web,Tablet,41a5b96d-af3,0
EVT000335,CUST0086,PROD0041,,2026-07-03 10:12:55,page_view,Mobile App,Mobile,c23c1aac-14e,0
EVT000336,CUST0090,PROD0048,,2026-07-05 22:50:41,page_view,Web,Tablet,70bbe0cc-47c,0
EVT000337,CUST0004,PROD0030,,2026-07-01 10:20:05,add_to_cart,Web,Desktop,79bdc7bd-eb0,4.59
EVT000338,CUST0074,,,2026-07-03 22:37:26,search,Mobile App,Desktop,d9d7be54-721,0
EVT000339,CUST0056,PROD0021,CAMP0004,2026-07-07 02:02:00,add_to_cart,Web,Tablet,37c27bc2-51e,32.43
EVT000340,CUST0090,,,2026-07-05 01:40:59,search,Web,Desktop,4c2363de-132,0
EVT000341,CUST0039,PROD0039,CAMP0015,2026-07-05 08:09:25,purchase,Web,Desktop,c0d65248-301,36570.15
EVT000342,CUST0029,PROD0009,,2026-07-05 10:46:50,page_view,Mobile App,Tablet,2d18e0ae-77b,0
EVT000343,CUST0087,PROD0047,,2026-07-05 05:53:00,page_view,Web,Mobile,177c97fb-422,0
EVT000344,CUST0074,PROD0039,,2026-07-05 11:36:34,page_view,Web,Desktop,7077fe20-cd6,0
EVT000345,CUST0095,PROD0047,,2026-07-04 21:53:13,page_view,Mobile App,Tablet,6195ce06-d43,0
EVT000346,CUST0019,PROD0011,CAMP0020,2026-07-03 21:00:12,campaign_click,Web,Tablet,b7da756d-c4e,6.62
EVT000347,CUST0071,PROD0005,CAMP0003,2026-07-03 20:27:06,product_view,Mobile App,Desktop,97df97f2-635,10.67
EVT000348,CUST0086,PROD0042,CAMP0010,2026-07-01 19:03:57,product_view,Mobile App,Desktop,a7e8a441-d12,10.48
EVT000349,CUST0085,PROD0020,,2026-07-02 17:36:36,product_view,Mobile App,Desktop,09837bd1-d26,28.78
EVT000350,CUST0041,PROD0016,,2026-07-03 12:29:45,page_view,Mobile App,Desktop,6b4d329a-830,0
EVT000351,CUST0018,PROD0044,,2026-07-06 11:03:29,campaign_click,Mobile App,Desktop,6d57f1f7-d86,22.82
EVT000352,CUST0023,,,2026-07-07 21:38:05,search,Mobile App,Mobile,cb131d85-1f4,0
EVT000353,CUST0026,PROD0017,,2026-07-01 20:52:46,campaign_click,Web,Tablet,eb73055f-b1f,4.69
EVT000354,CUST0075,PROD0038,CAMP0019,2026-07-03 10:05:58,add_to_cart,Mobile App,Tablet,83353ad7-a5b,2.8
EVT000355,CUST0070,PROD0031,,2026-07-02 16:35:23,campaign_click,Mobile App,Mobile,cdd03df3-0d2,20.23
EVT000356,CUST0066,PROD0006,CAMP0017,2026-07-01 02:53:42,product_view,Web,Tablet,c48efaa6-290,12.71
EVT000357,CUST0021,PROD0012,,2026-07-07 10:39:36,page_view,Web,Tablet,c8bb2236-6ff,0
EVT000358,CUST0046,PROD0003,,2026-07-03 11:45:48,remove_from_cart,Mobile App,Mobile,75c41d48-4cb,0
EVT000359,CUST0048,PROD0015,,2026-07-01 11:41:42,page_view,Web,Tablet,722921bf-14d,0
EVT000360,CUST0047,PROD0025,CAMP0015,2026-07-01 12:40:02,campaign_click,Mobile App,Mobile,bdf91364-36a,49.05
EVT000361,CUST0067,PROD0041,,2026-07-03 23:54:37,add_to_cart,Web,Desktop,3b7991c3-b03,27.67
EVT000362,CUST0047,PROD0038,,2026-07-01 21:15:33,add_to_cart,Web,Tablet,c21493a5-5f9,13.33
EVT000363,CUST0045,PROD0032,,2026-07-07 20:59:00,product_view,Web,Desktop,8a35ccf2-846,25.59
EVT000364,CUST0010,PROD0033,,2026-07-04 04:40:13,page_view,Web,Mobile,151cc347-a46,0
EVT000365,CUST0078,PROD0046,,2026-07-02 08:18:42,page_view,Web,Desktop,d5a0f249-79d,0
EVT000366,CUST0093,PROD0008,CAMP0016,2026-07-06 10:48:13,purchase,Web,Tablet,57a9da8c-fb1,191274.93
EVT000367,CUST0003,PROD0016,CAMP0019,2026-07-07 17:45:10,purchase,Web,Tablet,88a5cc36-664,25986.68
EVT000368,CUST0022,PROD0017,,2026-07-03 01:09:33,page_view,Mobile App,Tablet,a0d40954-36b,0
EVT000369,CUST0082,,,2026-07-04 05:24:05,login,Web,Desktop,34393c92-1f6,0
EVT000370,CUST0061,PROD0031,CAMP0014,2026-07-07 20:04:09,add_to_cart,Web,Tablet,208c7ca6-e50,39.94
EVT000371,CUST0034,PROD0011,,2026-07-04 21:34:59,add_to_cart,Web,Mobile,eff01cf1-f21,23.22
EVT000372,CUST0017,PROD0007,CAMP0017,2026-07-06 17:43:43,product_view,Web,Tablet,ec0ea137-526,21.57
EVT000373,CUST0061,PROD0040,,2026-07-07 19:47:02,page_view,Web,Mobile,3b904e5a-418,0
EVT000374,CUST0017,,,2026-07-07 03:15:52,search,Web,Tablet,6bfe8b26-16b,0
EVT000375,CUST0067,PROD0027,CAMP0002,2026-07-07 00:40:27,add_to_cart,Mobile App,Desktop,30545e44-7a2,12.24
EVT000376,CUST0095,PROD0049,,2026-07-07 13:19:06,product_view,Mobile App,Desktop,00fcc571-953,21.85
EVT000377,CUST0011,PROD0019,CAMP0018,2026-07-05 15:35:16,purchase,Web,Tablet,63172595-79a,39695.23
EVT000378,CUST0001,PROD0037,,2026-07-06 22:41:07,remove_from_cart,Web,Desktop,8456df8e-ebe,0
EVT000379,CUST0089,PROD0021,CAMP0004,2026-07-02 18:15:27,add_to_cart,Mobile App,Desktop,5951e3cd-c33,32.93
EVT000380,CUST0055,PROD0037,CAMP0009,2026-07-05 12:31:48,campaign_click,Mobile App,Mobile,a85fc6e9-702,10.98
EVT000381,CUST0072,PROD0031,CAMP0010,2026-07-07 13:44:22,product_view,Mobile App,Tablet,95c719d4-ff7,38.94
EVT000382,CUST0085,PROD0008,,2026-07-03 14:44:28,page_view,Web,Mobile,2ecd1e99-e1b,0
EVT000383,CUST0052,PROD0022,,2026-07-07 06:20:39,page_view,Web,Mobile,a540bfb1-be8,0
EVT000384,CUST0082,PROD0001,,2026-07-02 15:41:30,product_view,Mobile App,Mobile,bdcb5f52-ad3,46.37
EVT000385,CUST0029,PROD0024,,2026-07-01 21:51:38,page_view,Web,Tablet,6a8ec418-6e8,0
EVT000386,CUST0052,PROD0040,,2026-07-04 06:13:45,product_view,Web,Mobile,be3304c3-121,48.21
EVT000387,CUST0057,PROD0001,CAMP0017,2026-07-04 06:05:12,add_to_cart,Web,Tablet,5bbbb0ee-0d5,2.65
EVT000388,CUST0005,PROD0024,,2026-07-03 17:19:41,page_view,Web,Mobile,bcdee371-dfe,0
EVT000389,CUST0036,PROD0050,,2026-07-05 13:04:22,page_view,Mobile App,Desktop,9bbbbbe9-18f,0
EVT000390,CUST0067,,,2026-07-01 18:44:58,search,Web,Tablet,1bf07b76-f13,0
EVT000391,CUST0072,PROD0038,CAMP0009,2026-07-03 13:47:38,product_view,Mobile App,Desktop,81ea6788-eb4,48.19
EVT000392,CUST0034,,,2026-07-05 15:10:32,search,Web,Tablet,da18e943-069,0
EVT000393,CUST0038,PROD0022,,2026-07-02 07:57:51,page_view,Mobile App,Tablet,3ff0f24a-428,0
EVT000394,CUST0074,PROD0017,,2026-07-05 06:58:36,purchase,Web,Desktop,5f891de1-b66,141130.02
EVT000395,CUST0059,,,2026-07-06 05:48:57,login,Web,Desktop,0e0359a1-079,0
EVT000396,CUST0009,PROD0025,,2026-07-03 12:10:43,page_view,Web,Desktop,0b493606-e4e,0
EVT000397,CUST0046,PROD0034,CAMP0009,2026-07-03 19:47:18,product_view,Mobile App,Mobile,5069ea6e-81f,5.56
EVT000398,CUST0023,,,2026-07-04 13:42:22,search,Web,Tablet,7627c76b-501,0
EVT000399,CUST0096,PROD0044,,2026-07-03 03:55:31,product_view,Web,Tablet,5e7c4127-981,37.12
EVT000400,CUST0034,PROD0014,,2026-07-03 14:35:12,page_view,Web,Tablet,b52e8871-dbc,0
EVT000401,CUST0100,PROD0007,CAMP0003,2026-07-06 14:31:39,product_view,Web,Desktop,6b0a7f92-883,1.32
EVT000402,CUST0041,PROD0032,,2026-07-07 12:52:55,product_view,Web,Tablet,5e287bcd-27f,14.46
EVT000403,CUST0029,PROD0049,CAMP0002,2026-07-06 23:33:51,product_view,Web,Tablet,b292c56e-0a2,21.74
EVT000404,CUST0088,PROD0050,CAMP0004,2026-07-06 21:30:29,product_view,Web,Mobile,6992f091-fa1,16.47
EVT000405,CUST0049,PROD0038,CAMP0012,2026-07-07 23:19:55,add_to_cart,Mobile App,Mobile,46f3bfb6-95c,13.73
EVT000406,CUST0079,PROD0022,CAMP0016,2026-07-05 19:45:13,product_view,Mobile App,Desktop,c0997669-9b6,21.54
EVT000407,CUST0036,PROD0029,CAMP0005,2026-07-07 13:15:43,campaign_click,Web,Tablet,3fa44202-687,12.2
EVT000408,CUST0031,PROD0036,CAMP0013,2026-07-03 05:32:09,product_view,Web,Desktop,ac84e155-5c3,40.2
EVT000409,CUST0023,PROD0027,CAMP0017,2026-07-07 01:48:46,purchase,Mobile App,Desktop,36d34fe5-fff,106433.22
EVT000410,CUST0073,PROD0004,CAMP0006,2026-07-01 16:23:13,product_view,Mobile App,Tablet,0910e414-f46,40.88
EVT000411,CUST0096,PROD0022,,2026-07-03 22:56:23,page_view,Mobile App,Tablet,ace350ee-5e6,0
EVT000412,CUST0033,,,2026-07-01 05:24:26,search,Web,Desktop,b1cbe4d4-b09,0
EVT000413,CUST0078,PROD0013,CAMP0018,2026-07-02 23:39:49,campaign_click,Mobile App,Tablet,ee457a7f-ce5,14.95
EVT000414,CUST0100,,,2026-07-06 02:02:56,search,Web,Desktop,dda83206-84d,0
EVT000415,CUST0060,PROD0041,,2026-07-02 21:45:40,add_to_cart,Mobile App,Desktop,c68ec265-531,40.58
EVT000416,CUST0074,PROD0026,,2026-07-01 19:28:05,add_to_cart,Web,Desktop,166e1194-276,8.94
EVT000417,CUST0038,PROD0046,CAMP0013,2026-07-04 02:04:56,product_view,Mobile App,Tablet,d0d1494a-030,22.8
EVT000418,CUST0058,,,2026-07-02 21:41:11,search,Web,Mobile,77a28059-1fb,0
EVT000419,CUST0085,PROD0017,,2026-07-01 21:51:13,remove_from_cart,Web,Desktop,10cf2e7d-c76,0
EVT000420,CUST0009,PROD0031,,2026-07-07 05:45:03,page_view,Web,Desktop,b0caf0ac-a09,0
EVT000421,CUST0011,,,2026-07-03 23:40:39,search,Web,Mobile,58f136c1-475,0
EVT000422,CUST0050,PROD0020,CAMP0010,2026-07-06 01:00:40,add_to_cart,Web,Mobile,a114914f-826,7.19
EVT000423,CUST0046,PROD0021,,2026-07-06 10:01:29,page_view,Mobile App,Tablet,8ad0b4d4-2f4,0
EVT000424,CUST0090,PROD0035,CAMP0020,2026-07-06 04:40:40,product_view,Mobile App,Tablet,ad1b23f4-4c0,37.7
EVT000425,CUST0069,PROD0020,,2026-07-06 11:31:34,add_to_cart,Web,Desktop,45fc06c6-6e1,12.13
EVT000426,CUST0053,PROD0017,CAMP0001,2026-07-01 00:01:33,product_view,Web,Desktop,7863e10d-ec3,40.95
EVT000427,CUST0069,PROD0001,,2026-07-06 14:19:48,product_view,Web,Desktop,23bebe9e-ee5,24.38
EVT000428,CUST0077,PROD0015,,2026-07-07 05:41:23,purchase,Mobile App,Tablet,7bbd07b4-128,37349.44
EVT000429,CUST0032,PROD0011,,2026-07-05 10:25:53,product_view,Mobile App,Mobile,cfdb6a83-d46,19.54
EVT000430,CUST0031,PROD0034,,2026-07-07 23:26:51,product_view,Mobile App,Desktop,f0b50e0a-95f,35.0
EVT000431,CUST0069,PROD0018,CAMP0003,2026-07-03 01:48:08,add_to_cart,Mobile App,Tablet,c9edf4e7-fac,15.19
EVT000432,CUST0090,PROD0040,CAMP0011,2026-07-01 05:17:09,product_view,Web,Mobile,62da15db-ea4,3.43
EVT000433,CUST0037,,,2026-07-02 10:08:45,login,Mobile App,Tablet,25794979-122,0
EVT000434,CUST0012,PROD0010,,2026-07-01 04:01:31,page_view,Web,Desktop,3ec2486a-fad,0
EVT000435,CUST0064,PROD0024,CAMP0002,2026-07-04 18:10:05,product_view,Web,Mobile,08d772a5-e49,42.33
EVT000436,CUST0051,PROD0005,CAMP0006,2026-07-03 04:28:57,product_view,Mobile App,Mobile,5902d07c-0cc,42.24
EVT000437,CUST0099,PROD0046,,2026-07-03 19:58:24,page_view,Mobile App,Mobile,e374a64a-148,0
EVT000438,CUST0005,PROD0013,,2026-07-06 05:50:47,remove_from_cart,Web,Tablet,3df958f9-c41,0
EVT000439,CUST0027,PROD0031,CAMP0010,2026-07-04 16:13:10,add_to_cart,Web,Tablet,5b5c3b4b-c23,31.83
EVT000440,CUST0067,PROD0008,,2026-07-03 21:10:30,wishlist,Mobile App,Mobile,45a920d7-d80,0
EVT000441,CUST0007,PROD0043,CAMP0004,2026-07-03 16:26:40,product_view,Web,Mobile,5377a9f3-e68,22.27
EVT000442,CUST0075,PROD0008,CAMP0008,2026-07-01 02:26:02,purchase,Mobile App,Tablet,c63dbe44-2cc,191274.93
EVT000443,CUST0048,PROD0050,CAMP0006,2026-07-06 16:30:05,add_to_cart,Mobile App,Tablet,fc7a90cf-c9c,34.61
EVT000444,CUST0046,PROD0042,,2026-07-02 18:01:44,page_view,Web,Mobile,aa6fb6e7-e31,0
EVT000445,CUST0041,,,2026-07-04 22:50:51,search,Mobile App,Tablet,d256092c-0e3,0
EVT000446,CUST0089,PROD0025,,2026-07-05 01:48:46,page_view,Web,Desktop,9e7e5f3e-921,0
EVT000447,CUST0063,PROD0046,CAMP0010,2026-07-07 04:12:44,campaign_click,Web,Tablet,1af7a049-091,25.01
EVT000448,CUST0094,PROD0030,CAMP0020,2026-07-07 07:25:10,product_view,Web,Desktop,dfe9809b-416,4.37
EVT000449,CUST0034,PROD0035,CAMP0001,2026-07-06 18:09:24,product_view,Web,Tablet,71e31cad-244,36.95
EVT000450,CUST0100,PROD0040,CAMP0003,2026-07-07 03:10:52,campaign_click,Mobile App,Tablet,311dd862-1a5,19.99
EVT000451,CUST0037,PROD0021,,2026-07-05 15:54:41,page_view,Mobile App,Mobile,56a1b1f5-731,0
EVT000452,CUST0085,PROD0005,,2026-07-01 11:57:53,page_view,Web,Mobile,cf63d95c-4fb,0
EVT000453,CUST0026,PROD0007,CAMP0004,2026-07-01 08:41:36,campaign_click,Mobile App,Tablet,dd27df7a-821,32.45
EVT000454,CUST0080,,,2026-07-07 17:11:16,search,Web,Desktop,c98392d2-de4,0
EVT000455,CUST0092,PROD0005,,2026-07-01 03:34:59,page_view,Web,Tablet,1adc3603-167,0
EVT000456,CUST0011,,,2026-07-01 16:34:23,search,Mobile App,Desktop,2c050cc5-1e1,0
EVT000457,CUST0008,PROD0040,CAMP0002,2026-07-01 19:13:53,purchase,Web,Mobile,7b02ed96-5a0,89554.84
EVT000458,CUST0013,,,2026-07-03 15:04:34,login,Mobile App,Mobile,22f465bd-623,0
EVT000459,CUST0085,PROD0016,,2026-07-07 11:39:40,page_view,Web,Tablet,1cad9334-9bd,0
EVT000460,CUST0054,PROD0048,,2026-07-02 04:48:49,remove_from_cart,Mobile App,Tablet,780fbaf7-2ef,0
EVT000461,CUST0086,PROD0028,,2026-07-02 21:33:50,product_view,Mobile App,Tablet,e339cf1e-69b,9.84
EVT000462,CUST0021,PROD0035,,2026-07-06 00:58:59,product_view,Mobile App,Tablet,92dbeaf0-eda,18.26
EVT000463,CUST0042,,,2026-07-05 16:35:48,logout,Mobile App,Tablet,cb1c54d6-d3d,0
EVT000464,CUST0031,PROD0037,CAMP0013,2026-07-07 06:15:59,product_view,Mobile App,Desktop,9282e578-e08,37.48
EVT000465,CUST0051,PROD0001,,2026-07-04 05:40:38,product_view,Web,Desktop,d7cf9e4b-232,1.8
EVT000466,CUST0029,PROD0014,,2026-07-04 13:59:01,page_view,Mobile App,Tablet,3f51ac73-8dd,0
EVT000467,CUST0074,,,2026-07-02 18:14:06,search,Web,Desktop,1c9b329b-071,0
EVT000468,CUST0018,PROD0017,CAMP0019,2026-07-03 20:13:14,product_view,Mobile App,Mobile,306e9b91-403,13.56
EVT000469,CUST0073,,,2026-07-01 21:04:46,search,Mobile App,Desktop,18d827a2-5bd,0
EVT000470,CUST0089,PROD0045,,2026-07-07 13:20:52,page_view,Web,Tablet,0175737e-b9d,0
EVT000471,CUST0005,PROD0047,,2026-07-05 08:11:05,add_to_cart,Mobile App,Desktop,919f56b8-b66,39.23
EVT000472,CUST0056,PROD0027,,2026-07-02 08:54:55,campaign_click,Web,Tablet,52e7735e-ed9,38.75
EVT000473,CUST0049,PROD0004,CAMP0002,2026-07-04 15:11:34,purchase,Web,Desktop,3bc4860a-7aa,222993.93
EVT000474,CUST0029,,,2026-07-01 13:47:43,search,Mobile App,Desktop,c7fbf858-f99,0
EVT000475,CUST0074,PROD0033,,2026-07-02 00:35:14,remove_from_cart,Mobile App,Desktop,5b9f3d8f-356,0
EVT000476,CUST0019,PROD0009,CAMP0016,2026-07-07 12:02:47,purchase,Mobile App,Desktop,a1a0ebb2-269,42758.8
EVT000477,CUST0065,PROD0028,,2026-07-02 11:36:48,page_view,Web,Desktop,7e5b4196-fc6,0
EVT000478,CUST0063,,,2026-07-07 12:00:12,search,Web,Mobile,c4cf4f41-ff7,0
EVT000479,CUST0100,PROD0028,,2026-07-04 16:18:43,page_view,Web,Mobile,ae0e53cf-213,0
EVT000480,CUST0055,PROD0024,CAMP0011,2026-07-04 22:04:38,add_to_cart,Mobile App,Mobile,eae98ffd-0b3,33.12
EVT000481,CUST0079,,,2026-07-02 15:49:28,logout,Web,Mobile,2a7a951d-7ba,0
EVT000482,CUST0048,PROD0010,,2026-07-01 23:25:07,page_view,Web,Mobile,dcaae6ad-68d,0
EVT000483,CUST0019,PROD0019,,2026-07-01 03:45:21,wishlist,Web,Desktop,1b1defee-24f,0
EVT000484,CUST0003,PROD0022,CAMP0018,2026-07-03 09:51:13,product_view,Mobile App,Tablet,4b4b31cf-885,27.77
EVT000485,CUST0094,,,2026-07-01 05:01:24,search,Web,Desktop,3727709a-3f5,0
EVT000486,CUST0037,PROD0013,,2026-07-04 02:04:03,page_view,Mobile App,Tablet,728d6c3a-a45,0
EVT000487,CUST0009,PROD0025,,2026-07-04 02:05:42,wishlist,Mobile App,Mobile,125c5167-c98,0
EVT000488,CUST0084,PROD0025,,2026-07-03 15:07:24,page_view,Web,Desktop,e6dc86e8-145,0
EVT000489,CUST0077,,,2026-07-02 00:02:11,search,Web,Tablet,2218fa76-b97,0
EVT000490,CUST0072,,,2026-07-01 05:52:02,login,Web,Tablet,189f5642-d96,0
EVT000491,CUST0063,PROD0026,,2026-07-01 05:01:22,product_view,Mobile App,Tablet,efca00cc-186,34.53
EVT000492,CUST0065,PROD0018,,2026-07-03 22:21:56,product_view,Web,Tablet,6ff792e4-d89,19.97
EVT000493,CUST0029,PROD0010,,2026-07-04 21:19:57,wishlist,Mobile App,Tablet,7ef7c01d-f4d,0
EVT000494,CUST0094,PROD0025,,2026-07-06 22:11:43,page_view,Web,Desktop,89f39c67-718,0
EVT000495,CUST0020,PROD0028,,2026-07-04 13:18:58,page_view,Mobile App,Desktop,5c3c524f-a50,0
EVT000496,CUST0027,,,2026-07-02 13:50:37,search,Web,Mobile,96e0b9b4-911,0
EVT000497,CUST0091,PROD0034,,2026-07-05 21:26:58,product_view,Web,Tablet,a4932d33-7e7,48.81
EVT000498,CUST0021,PROD0021,,2026-07-01 18:31:35,wishlist,Web,Mobile,bf670c2b-3d3,0
EVT000499,CUST0019,PROD0047,CAMP0011,2026-07-05 17:03:26,product_view,Mobile App,Mobile,b1a873f7-86e,15.86
EVT000500,CUST0014,PROD0009,CAMP0020,2026-07-04 00:52:38,purchase,Web,Tablet,a2b272e2-b3d,128276.4
EVT000501,CUST0088,PROD0002,,2026-07-05 02:06:05,page_view,Mobile App,Mobile,265cccfc-a16,0
EVT000502,CUST0078,,,2026-07-05 06:06:11,search,Mobile App,Desktop,6f8f1748-591,0
EVT000503,CUST0021,,,2026-07-03 13:47:02,search,Mobile App,Mobile,a27c9ea1-c59,0
EVT000504,CUST0053,PROD0015,,2026-07-03 07:23:48,wishlist,Web,Mobile,9b2deb04-e29,0
EVT000505,CUST0057,PROD0040,,2026-07-06 13:47:44,page_view,Mobile App,Desktop,da7e3703-b25,0
EVT000506,CUST0055,PROD0026,,2026-07-07 22:00:47,campaign_click,Mobile App,Desktop,5894f6e6-c86,41.39
EVT000507,CUST0096,PROD0037,CAMP0017,2026-07-01 10:30:33,add_to_cart,Mobile App,Mobile,38b9360b-340,6.36
EVT000508,CUST0032,PROD0034,CAMP0002,2026-07-07 08:17:24,campaign_click,Web,Mobile,d2e724db-a28,26.29
EVT000509,CUST0051,PROD0020,,2026-07-04 06:04:29,product_view,Mobile App,Tablet,23cb4bf9-dcb,9.16
EVT000510,CUST0089,PROD0034,,2026-07-06 06:35:53,campaign_click,Web,Tablet,12f566a6-b09,32.66
EVT000511,CUST0024,,,2026-07-07 15:51:57,search,Web,Desktop,3e8e3e0f-8da,0
EVT000512,CUST0058,PROD0002,CAMP0019,2026-07-03 07:08:56,product_view,Mobile App,Desktop,40fc6058-36d,23.28
EVT000513,CUST0092,PROD0011,,2026-07-02 09:44:05,add_to_cart,Mobile App,Tablet,5cdfb9c1-bbc,6.59
EVT000514,CUST0068,PROD0046,CAMP0017,2026-07-07 23:08:10,product_view,Mobile App,Mobile,4f7343e6-8dc,19.56
EVT000515,CUST0043,PROD0037,,2026-07-02 16:59:10,purchase,Web,Tablet,58829597-4a3,27453.26
EVT000516,CUST0040,PROD0020,,2026-07-06 01:51:18,page_view,Web,Mobile,c6251f4b-c89,0
EVT000517,CUST0026,PROD0001,CAMP0009,2026-07-01 03:20:29,campaign_click,Mobile App,Tablet,4f9accb4-1b3,25.38
EVT000518,CUST0078,PROD0032,CAMP0019,2026-07-06 09:54:29,purchase,Mobile App,Mobile,4556b013-0cb,44672.04
EVT000519,CUST0001,PROD0016,,2026-07-04 03:56:39,add_to_cart,Web,Mobile,f42035be-582,31.8
EVT000520,CUST0008,PROD0042,,2026-07-04 23:18:02,page_view,Web,Mobile,b95d7f39-b5c,0
EVT000521,CUST0078,PROD0020,CAMP0003,2026-07-01 13:23:06,add_to_cart,Web,Mobile,40a16b2a-641,21.43
EVT000522,CUST0079,PROD0043,,2026-07-07 18:27:36,add_to_cart,Web,Desktop,6ba27720-a56,39.58
EVT000523,CUST0047,PROD0003,,2026-07-02 01:25:49,remove_from_cart,Mobile App,Desktop,d9a07c84-00f,0
EVT000524,CUST0049,PROD0005,,2026-07-07 06:18:04,product_view,Web,Mobile,c3d2888a-3aa,15.35
EVT000525,CUST0036,PROD0022,CAMP0017,2026-07-03 09:18:44,add_to_cart,Web,Mobile,c69ed038-907,11.24
EVT000526,CUST0081,,,2026-07-01 23:56:30,search,Mobile App,Desktop,21ca5a88-b56,0
EVT000527,CUST0041,PROD0017,CAMP0020,2026-07-05 00:37:59,add_to_cart,Mobile App,Tablet,dd9fd371-130,7.36
EVT000528,CUST0064,PROD0032,,2026-07-03 01:07:56,remove_from_cart,Web,Tablet,f4a82a91-eec,0
EVT000529,CUST0025,PROD0001,CAMP0015,2026-07-02 08:12:47,product_view,Mobile App,Desktop,74c4e26c-da4,42.56
EVT000530,CUST0045,PROD0036,,2026-07-03 09:58:00,page_view,Web,Tablet,666c184e-1b5,0
EVT000531,CUST0009,PROD0020,CAMP0018,2026-07-04 16:27:49,product_view,Mobile App,Desktop,3795f0fc-b80,1.3
EVT000532,CUST0073,PROD0040,,2026-07-02 23:57:12,product_view,Mobile App,Tablet,ecd27e14-331,17.2
EVT000533,CUST0061,,,2026-07-02 13:04:30,search,Web,Tablet,aafb1b84-f76,0
EVT000534,CUST0069,PROD0022,CAMP0014,2026-07-01 15:17:53,product_view,Mobile App,Tablet,c6cc7811-9d3,26.53
EVT000535,CUST0027,,,2026-07-04 18:34:51,search,Mobile App,Mobile,ac588efc-f67,0
EVT000536,CUST0036,,,2026-07-04 20:36:24,login,Web,Tablet,08a6a7f2-cf2,0
EVT000537,CUST0024,PROD0039,CAMP0010,2026-07-04 13:52:45,add_to_cart,Mobile App,Mobile,de9a7c1f-ba7,2.55
EVT000538,CUST0031,,,2026-07-06 03:24:53,search,Mobile App,Mobile,8ff6ad68-7a3,0
EVT000539,CUST0023,,,2026-07-05 06:11:50,search,Web,Mobile,643b3043-f42,0
EVT000540,CUST0057,PROD0033,CAMP0016,2026-07-06 16:32:09,campaign_click,Mobile App,Tablet,2d74469a-8bc,10.32
EVT000541,CUST0040,PROD0050,CAMP0004,2026-07-06 20:56:43,campaign_click,Web,Tablet,1676cb8f-9ef,49.64
EVT000542,CUST0050,PROD0046,,2026-07-06 22:38:07,page_view,Web,Desktop,c5ee0d34-2ac,0
EVT000543,CUST0088,PROD0039,,2026-07-01 23:46:21,wishlist,Mobile App,Mobile,aff5bc56-684,0
EVT000544,CUST0099,PROD0043,,2026-07-04 13:19:01,page_view,Mobile App,Tablet,8e51585f-30e,0
EVT000545,CUST0042,PROD0013,CAMP0009,2026-07-07 01:20:20,campaign_click,Web,Desktop,151edf46-96f,38.87
EVT000546,CUST0036,PROD0008,,2026-07-01 04:09:39,page_view,Web,Mobile,c7472373-593,0
EVT000547,CUST0071,,,2026-07-04 02:00:09,search,Mobile App,Tablet,cc10c20e-40e,0
EVT000548,CUST0010,PROD0020,,2026-07-07 23:27:57,page_view,Mobile App,Tablet,bdee06a9-228,0
EVT000549,CUST0017,PROD0002,CAMP0002,2026-07-02 04:55:24,product_view,Mobile App,Desktop,98ddb270-79e,3.64
EVT000550,CUST0077,PROD0038,,2026-07-06 01:44:39,page_view,Mobile App,Desktop,fd7db07e-df4,0
EVT000551,CUST0026,PROD0046,,2026-07-07 01:40:05,product_view,Mobile App,Tablet,8f3c80c8-610,48.71
EVT000552,CUST0090,PROD0030,,2026-07-02 02:33:29,page_view,Mobile App,Tablet,0f5c9f01-28b,0
EVT000553,CUST0099,PROD0030,CAMP0008,2026-07-02 15:14:55,add_to_cart,Mobile App,Desktop,49da202f-a79,44.89
EVT000554,CUST0090,PROD0043,CAMP0011,2026-07-06 03:46:31,product_view,Mobile App,Mobile,8a64df24-dea,2.48
EVT000555,CUST0060,PROD0011,CAMP0012,2026-07-07 21:03:36,product_view,Web,Desktop,351cb0ab-c0b,7.24
EVT000556,CUST0014,PROD0021,CAMP0003,2026-07-04 10:29:34,purchase,Mobile App,Tablet,39bf7b92-040,45175.56
EVT000557,CUST0080,PROD0016,CAMP0016,2026-07-05 08:48:04,product_view,Mobile App,Desktop,31c6df9c-ae2,17.69
EVT000558,CUST0044,,,2026-07-03 16:29:11,search,Web,Tablet,49fbf9f6-071,0
EVT000559,CUST0074,PROD0032,,2026-07-02 07:13:37,wishlist,Mobile App,Desktop,b8923c06-a1e,0
EVT000560,CUST0057,,,2026-07-04 12:06:25,search,Web,Tablet,b23f08c3-ee2,0
EVT000561,CUST0077,PROD0050,,2026-07-05 07:28:20,page_view,Mobile App,Tablet,5686ca27-874,0
EVT000562,CUST0012,PROD0014,,2026-07-07 14:35:57,add_to_cart,Web,Mobile,00ed30bc-cd7,37.99
EVT000563,CUST0058,PROD0035,CAMP0020,2026-07-07 13:48:28,add_to_cart,Mobile App,Desktop,7471be63-ace,10.59
EVT000564,CUST0087,,,2026-07-05 22:42:45,search,Mobile App,Mobile,6f7b4fba-581,0
EVT000565,CUST0079,,,2026-07-05 14:22:54,search,Web,Desktop,152fff84-936,0
EVT000566,CUST0071,PROD0004,,2026-07-01 00:13:45,page_view,Mobile App,Mobile,d6f9e273-1af,0
EVT000567,CUST0004,PROD0016,CAMP0019,2026-07-05 11:39:40,campaign_click,Mobile App,Desktop,62e4a49d-543,16.59
EVT000568,CUST0070,PROD0014,,2026-07-06 09:40:08,product_view,Mobile App,Desktop,e16bc62f-a8b,10.22
EVT000569,CUST0020,PROD0019,,2026-07-02 10:16:08,purchase,Web,Tablet,d52802b6-6cc,39695.23
EVT000570,CUST0093,PROD0032,,2026-07-05 23:15:08,page_view,Web,Mobile,3015b3ee-de6,0
EVT000571,CUST0054,PROD0030,,2026-07-07 21:02:59,add_to_cart,Web,Desktop,fb1dacd0-25c,21.86
EVT000572,CUST0071,,,2026-07-05 09:03:22,search,Web,Mobile,92b3d2da-581,0
EVT000573,CUST0001,PROD0037,CAMP0008,2026-07-06 17:00:17,product_view,Mobile App,Mobile,cc716623-cfb,21.13
EVT000574,CUST0073,,,2026-07-05 04:38:07,login,Mobile App,Tablet,a496c3b2-798,0
EVT000575,CUST0094,PROD0047,,2026-07-06 23:44:54,page_view,Mobile App,Desktop,41fe4c46-c34,0
EVT000576,CUST0067,,,2026-07-02 00:09:15,search,Mobile App,Tablet,4e4a2d88-029,0
EVT000577,CUST0086,PROD0005,,2026-07-07 03:14:51,remove_from_cart,Mobile App,Tablet,db1cb555-9b0,0
EVT000578,CUST0044,PROD0035,,2026-07-01 02:56:30,page_view,Mobile App,Tablet,e68c2a3d-c4d,0
EVT000579,CUST0074,PROD0047,CAMP0012,2026-07-04 08:27:18,campaign_click,Mobile App,Tablet,e394f15a-3a2,9.21
EVT000580,CUST0034,PROD0004,CAMP0019,2026-07-02 22:10:36,purchase,Mobile App,Tablet,d31edc7e-f84,74331.31
EVT000581,CUST0037,PROD0032,CAMP0017,2026-07-01 20:59:54,add_to_cart,Mobile App,Mobile,9515f0df-5f1,39.4
EVT000582,CUST0036,PROD0017,CAMP0004,2026-07-07 20:53:11,add_to_cart,Web,Tablet,795f8d93-2d6,45.6
EVT000583,CUST0023,PROD0017,,2026-07-03 16:29:31,product_view,Web,Desktop,074f3d0b-e69,9.86
EVT000584,CUST0019,,,2026-07-02 18:05:53,logout,Mobile App,Desktop,980a949c-1aa,0
EVT000585,CUST0031,PROD0043,CAMP0006,2026-07-03 09:34:36,purchase,Mobile App,Mobile,bb69e8a8-6bb,230459.01
EVT000586,CUST0097,PROD0008,CAMP0015,2026-07-05 12:53:30,add_to_cart,Web,Desktop,4c1059e1-e79,15.77
EVT000587,CUST0050,PROD0031,CAMP0017,2026-07-05 22:42:00,add_to_cart,Mobile App,Desktop,d2a33db3-6e7,15.15
EVT000588,CUST0068,PROD0044,,2026-07-02 02:35:58,add_to_cart,Mobile App,Desktop,01cae914-0e1,27.03
EVT000589,CUST0084,PROD0018,CAMP0009,2026-07-02 02:50:16,add_to_cart,Mobile App,Desktop,e9180f0c-848,33.06
EVT000590,CUST0096,PROD0016,,2026-07-07 16:45:49,purchase,Mobile App,Tablet,a8d67ccb-8fb,25986.68
EVT000591,CUST0024,PROD0021,CAMP0001,2026-07-01 18:33:00,add_to_cart,Web,Tablet,842e2954-c69,21.15
EVT000592,CUST0029,PROD0047,CAMP0007,2026-07-01 09:17:01,product_view,Web,Tablet,ad9987c9-c85,31.35
EVT000593,CUST0028,PROD0039,CAMP0004,2026-07-01 23:35:54,add_to_cart,Mobile App,Tablet,c23ad122-9cf,30.63
EVT000594,CUST0083,PROD0037,,2026-07-03 02:27:57,purchase,Web,Desktop,5b5c21c6-5e7,27453.26
EVT000595,CUST0085,PROD0005,CAMP0009,2026-07-05 20:35:44,product_view,Mobile App,Desktop,fc8a5f1b-df1,45.27
EVT000596,CUST0010,PROD0018,,2026-07-01 17:02:24,page_view,Mobile App,Desktop,97d5aef7-a73,0
EVT000597,CUST0034,,,2026-07-03 00:35:28,logout,Web,Desktop,68452649-8f3,0
EVT000598,CUST0026,,,2026-07-05 11:12:11,login,Mobile App,Mobile,8327339c-ace,0
EVT000599,CUST0099,PROD0028,,2026-07-03 11:38:39,page_view,Web,Desktop,f4b516df-c07,0
EVT000600,CUST0014,PROD0003,,2026-07-01 19:54:04,remove_from_cart,Mobile App,Desktop,bb0dbb5c-ccc,0
EVT000601,CUST0064,PROD0010,,2026-07-01 00:14:59,page_view,Web,Tablet,71fc2dba-9ef,0
EVT000602,CUST0020,PROD0045,CAMP0013,2026-07-07 12:54:00,product_view,Mobile App,Desktop,b9a129c1-c62,26.25
EVT000603,CUST0094,PROD0050,,2026-07-01 19:08:34,product_view,Mobile App,Tablet,b33166e9-d7c,12.07
EVT000604,CUST0062,PROD0008,CAMP0012,2026-07-04 19:03:43,purchase,Mobile App,Mobile,5ed491e4-d54,127516.62
EVT000605,CUST0083,PROD0006,CAMP0011,2026-07-01 21:58:53,add_to_cart,Mobile App,Tablet,5d9b57ba-ede,23.52
EVT000606,CUST0071,PROD0003,,2026-07-05 08:54:42,page_view,Web,Desktop,8f5a3c56-0ef,0
EVT000607,CUST0014,PROD0041,,2026-07-06 12:50:05,add_to_cart,Mobile App,Tablet,e695ccd0-695,44.38
EVT000608,CUST0005,PROD0013,,2026-07-01 06:55:46,page_view,Web,Desktop,19c4c428-6ab,0
EVT000609,CUST0070,PROD0042,CAMP0018,2026-07-06 02:41:01,product_view,Web,Desktop,68bc559c-fb8,2.82
EVT000610,CUST0006,PROD0026,CAMP0017,2026-07-06 05:09:43,purchase,Web,Tablet,b0d1ce73-c69,53880.69
EVT000611,CUST0010,,,2026-07-02 14:39:31,search,Web,Desktop,f6a3ea2a-578,0
EVT000612,CUST0080,PROD0003,CAMP0005,2026-07-01 03:55:11,campaign_click,Mobile App,Mobile,ddf7d44a-38d,32.0
EVT000613,CUST0022,PROD0038,CAMP0004,2026-07-02 07:10:31,product_view,Web,Mobile,0b05ab6a-392,30.15
EVT000614,CUST0055,PROD0022,,2026-07-05 13:46:20,purchase,Web,Desktop,ed2b6128-57e,1108.04
EVT000615,CUST0028,PROD0049,CAMP0006,2026-07-04 19:36:04,purchase,Mobile App,Mobile,5830c496-b95,66181.5
EVT000616,CUST0022,PROD0045,,2026-07-05 05:00:35,remove_from_cart,Web,Desktop,9f15c118-3c4,0
EVT000617,CUST0075,PROD0003,,2026-07-02 12:25:06,page_view,Mobile App,Mobile,409122a4-87a,0
EVT000618,CUST0063,PROD0006,,2026-07-01 01:44:00,page_view,Web,Mobile,603fabc2-3f1,0
EVT000619,CUST0076,PROD0019,CAMP0016,2026-07-02 10:39:13,add_to_cart,Mobile App,Tablet,92e3f105-411,8.01
EVT000620,CUST0031,PROD0012,CAMP0002,2026-07-07 18:49:11,product_view,Web,Tablet,d47f37a5-a74,36.14
EVT000621,CUST0039,PROD0023,CAMP0018,2026-07-03 16:20:12,purchase,Web,Tablet,906997a2-322,19535.08
EVT000622,CUST0098,PROD0035,CAMP0015,2026-07-03 08:49:17,product_view,Web,Mobile,4a6458bd-3c9,3.6
EVT000623,CUST0061,PROD0032,CAMP0002,2026-07-01 14:45:41,add_to_cart,Web,Desktop,ce29ac63-9fb,18.85
EVT000624,CUST0079,PROD0049,CAMP0004,2026-07-01 14:19:59,product_view,Web,Mobile,9eec7ca5-762,27.33
EVT000625,CUST0015,,,2026-07-03 16:15:46,search,Mobile App,Tablet,8b76c878-a97,0
EVT000626,CUST0054,,,2026-07-04 16:56:14,search,Web,Desktop,faa1d02d-b8f,0
EVT000627,CUST0031,PROD0048,,2026-07-05 16:39:55,page_view,Web,Desktop,053909bc-629,0
EVT000628,CUST0010,PROD0031,CAMP0002,2026-07-05 23:01:09,campaign_click,Mobile App,Mobile,d6260bd2-a64,11.59
EVT000629,CUST0018,PROD0030,,2026-07-05 01:55:17,product_view,Web,Mobile,a0e28673-18d,10.91
EVT000630,CUST0008,PROD0018,CAMP0015,2026-07-06 05:13:26,add_to_cart,Mobile App,Mobile,538c89dc-dff,9.39
EVT000631,CUST0078,PROD0011,,2026-07-07 22:59:57,campaign_click,Web,Mobile,81f38497-3c0,9.33
EVT000632,CUST0067,PROD0032,,2026-07-03 11:06:37,product_view,Mobile App,Desktop,9b7fab41-5cb,24.2
EVT000633,CUST0055,PROD0048,,2026-07-03 19:21:15,page_view,Mobile App,Desktop,25feb245-cb0,0
EVT000634,CUST0076,,,2026-07-07 12:39:57,search,Web,Desktop,80a3b5d2-2fb,0
EVT000635,CUST0006,,,2026-07-06 17:41:02,logout,Mobile App,Tablet,a306ad63-8f9,0
EVT000636,CUST0090,PROD0007,CAMP0008,2026-07-01 22:41:35,product_view,Mobile App,Mobile,dba4d4bc-517,37.9
EVT000637,CUST0038,PROD0016,,2026-07-02 00:46:01,page_view,Mobile App,Tablet,c150f85d-c75,0
EVT000638,CUST0091,PROD0030,,2026-07-07 15:22:01,product_view,Mobile App,Mobile,106fe57f-0c6,48.84
EVT000639,CUST0052,PROD0012,,2026-07-05 05:08:40,campaign_click,Web,Tablet,ec521e98-913,23.75
EVT000640,CUST0089,PROD0022,,2026-07-07 00:58:02,page_view,Mobile App,Desktop,44e8f5d7-912,0
EVT000641,CUST0090,PROD0040,,2026-07-07 04:07:36,remove_from_cart,Web,Tablet,f9f0cac9-a62,0
EVT000642,CUST0043,PROD0048,,2026-07-01 14:58:32,page_view,Mobile App,Mobile,dfba0dbc-474,0
EVT000643,CUST0047,PROD0030,,2026-07-01 11:09:23,page_view,Mobile App,Mobile,d2195c29-5f9,0
EVT000644,CUST0091,PROD0005,CAMP0007,2026-07-02 13:47:21,add_to_cart,Web,Tablet,d07affb1-1e9,12.69
EVT000645,CUST0097,,,2026-07-03 09:17:48,search,Web,Desktop,ebde74c5-2b7,0
EVT000646,CUST0035,PROD0033,,2026-07-04 03:40:03,product_view,Mobile App,Desktop,c1ac7a7a-e83,4.11
EVT000647,CUST0068,,,2026-07-06 08:23:45,search,Mobile App,Desktop,80e8d002-c7f,0
EVT000648,CUST0087,PROD0045,,2026-07-01 17:55:12,add_to_cart,Mobile App,Mobile,cdc3d0e7-a72,44.7
EVT000649,CUST0023,PROD0019,,2026-07-01 21:00:06,page_view,Web,Desktop,5c035a6f-a7b,0
EVT000650,CUST0019,PROD0032,,2026-07-02 17:05:55,page_view,Web,Tablet,22e3c3cf-d2b,0
EVT000651,CUST0003,PROD0019,,2026-07-05 17:44:43,wishlist,Web,Desktop,ae2fba81-e4c,0
EVT000652,CUST0057,PROD0048,CAMP0010,2026-07-03 03:37:04,product_view,Web,Tablet,5b49ff5a-c17,2.08
EVT000653,CUST0053,PROD0038,CAMP0011,2026-07-06 12:45:37,add_to_cart,Mobile App,Desktop,cd0bf1a9-5f5,33.63
EVT000654,CUST0017,PROD0020,CAMP0009,2026-07-03 13:55:30,product_view,Mobile App,Mobile,2e630560-d5c,19.22
EVT000655,CUST0037,PROD0030,,2026-07-02 21:25:39,page_view,Web,Tablet,cb1a2429-518,0
EVT000656,CUST0024,,,2026-07-02 17:54:10,search,Web,Mobile,a2c55a72-c3c,0
EVT000657,CUST0041,PROD0037,,2026-07-02 10:32:28,page_view,Mobile App,Desktop,c1182ea9-f9b,0
EVT000658,CUST0072,PROD0046,,2026-07-01 09:28:42,page_view,Mobile App,Desktop,70dc9c13-2e6,0
EVT000659,CUST0058,PROD0035,,2026-07-02 20:23:34,page_view,Mobile App,Mobile,dd0e0175-a7f,0
EVT000660,CUST0052,PROD0032,,2026-07-02 15:41:29,wishlist,Mobile App,Mobile,7cdbf152-550,0
EVT000661,CUST0095,PROD0035,,2026-07-06 18:33:21,page_view,Mobile App,Desktop,6fe12a90-1ea,0
EVT000662,CUST0097,PROD0037,,2026-07-07 10:20:46,campaign_click,Mobile App,Desktop,10117674-f59,45.44
EVT000663,CUST0094,PROD0031,,2026-07-02 14:04:43,add_to_cart,Mobile App,Mobile,d607f6c2-e0a,28.0
EVT000664,CUST0029,PROD0029,CAMP0011,2026-07-01 15:01:38,product_view,Web,Desktop,e6f08c8b-46d,32.42
EVT000665,CUST0011,PROD0035,,2026-07-06 01:38:43,page_view,Web,Tablet,07e7fdba-df1,0
EVT000666,CUST0063,PROD0021,CAMP0017,2026-07-01 15:18:58,product_view,Mobile App,Mobile,88fd07f4-053,33.67
EVT000667,CUST0055,PROD0024,,2026-07-05 09:26:23,remove_from_cart,Web,Desktop,4cf397a0-84d,0
EVT000668,CUST0040,PROD0029,,2026-07-01 23:55:13,product_view,Mobile App,Tablet,244f3803-441,36.66
EVT000669,CUST0057,,,2026-07-02 20:43:51,logout,Mobile App,Tablet,e6830668-cf4,0
EVT000670,CUST0018,PROD0038,CAMP0005,2026-07-03 08:44:19,campaign_click,Mobile App,Mobile,a65ea40a-cbf,24.26
EVT000671,CUST0076,PROD0049,,2026-07-05 06:36:05,wishlist,Web,Desktop,13a6372e-acc,0
EVT000672,CUST0035,PROD0027,CAMP0015,2026-07-07 11:04:48,add_to_cart,Web,Mobile,f355d09a-87a,45.83
EVT000673,CUST0038,PROD0036,CAMP0010,2026-07-07 15:48:19,purchase,Mobile App,Mobile,caf68ed4-743,139709.52
EVT000674,CUST0001,PROD0010,,2026-07-03 23:43:19,page_view,Mobile App,Mobile,522cdad6-af1,0
EVT000675,CUST0037,PROD0027,CAMP0008,2026-07-01 07:46:07,add_to_cart,Mobile App,Mobile,53425a69-01c,38.47
EVT000676,CUST0047,PROD0038,CAMP0014,2026-07-03 22:25:40,add_to_cart,Web,Desktop,a8e71d70-f21,34.61
EVT000677,CUST0074,,,2026-07-03 22:52:10,search,Web,Mobile,aed39ec9-e4b,0
EVT000678,CUST0089,PROD0009,CAMP0002,2026-07-04 02:27:23,product_view,Mobile App,Mobile,43d9d946-78a,21.56
EVT000679,CUST0068,PROD0041,,2026-07-06 20:19:12,product_view,Web,Mobile,5670f90c-9af,38.56
EVT000680,CUST0022,PROD0035,CAMP0011,2026-07-04 10:12:17,add_to_cart,Mobile App,Mobile,997475d1-a34,34.59
EVT000681,CUST0046,,,2026-07-01 03:31:08,search,Mobile App,Desktop,532bff64-a81,0
EVT000682,CUST0053,PROD0022,,2026-07-02 20:31:06,purchase,Web,Tablet,3b8a9bad-fdd,1108.04
EVT000683,CUST0025,PROD0036,,2026-07-07 23:30:44,page_view,Web,Desktop,950f8f4c-344,0
EVT000684,CUST0010,PROD0008,,2026-07-01 04:44:30,product_view,Mobile App,Mobile,5d089c48-bdd,18.06
EVT000685,CUST0077,PROD0034,,2026-07-04 21:24:11,purchase,Mobile App,Mobile,a78a153d-edc,4279.86
EVT000686,CUST0016,PROD0015,,2026-07-02 11:08:54,remove_from_cart,Web,Tablet,b5380446-a52,0
EVT000687,CUST0017,PROD0014,,2026-07-02 11:33:05,page_view,Mobile App,Tablet,9fc3b466-b0e,0
EVT000688,CUST0015,PROD0005,CAMP0016,2026-07-05 21:45:02,purchase,Web,Mobile,87fe43d7-55a,75334.21
EVT000689,CUST0066,PROD0038,CAMP0004,2026-07-03 21:05:02,purchase,Mobile App,Tablet,b282e02c-50e,32235.38
EVT000690,CUST0013,PROD0008,,2026-07-07 20:19:13,page_view,Web,Mobile,39aecc34-34f,0
EVT000691,CUST0004,PROD0006,CAMP0009,2026-07-07 14:18:22,add_to_cart,Web,Tablet,5a94fc12-a32,18.26
EVT000692,CUST0013,,,2026-07-01 03:49:33,search,Web,Tablet,2ff6da49-3a3,0
EVT000693,CUST0037,PROD0011,,2026-07-07 02:40:00,page_view,Web,Mobile,af4ba59a-0ba,0
EVT000694,CUST0091,PROD0031,,2026-07-05 04:04:44,wishlist,Web,Desktop,11fe759f-670,0
EVT000695,CUST0014,PROD0012,,2026-07-05 07:39:27,add_to_cart,Web,Desktop,16dfc208-33a,11.5
EVT000696,CUST0041,PROD0008,,2026-07-06 07:13:07,page_view,Web,Desktop,99cbe104-8a2,0
EVT000697,CUST0091,PROD0019,CAMP0002,2026-07-01 22:27:20,purchase,Web,Desktop,15c5dcd8-00b,79390.46
EVT000698,CUST0077,PROD0048,CAMP0015,2026-07-03 13:40:35,product_view,Mobile App,Mobile,48e95872-40e,20.96
EVT000699,CUST0061,PROD0044,CAMP0001,2026-07-06 14:15:43,campaign_click,Mobile App,Tablet,4891375e-185,6.15
EVT000700,CUST0011,PROD0008,CAMP0013,2026-07-07 17:15:06,add_to_cart,Web,Mobile,e2fe7957-564,37.33
EVT000701,CUST0026,PROD0022,CAMP0013,2026-07-02 09:31:14,product_view,Mobile App,Desktop,46311649-47a,42.07
EVT000702,CUST0099,PROD0038,CAMP0013,2026-07-05 01:14:30,purchase,Mobile App,Desktop,47debbe1-ed5,96706.14
EVT000703,CUST0019,,,2026-07-06 04:08:06,search,Web,Desktop,01555e39-035,0
EVT000704,CUST0030,,,2026-07-02 12:45:01,search,Web,Tablet,53f60fdf-cfa,0
EVT000705,CUST0009,PROD0032,,2026-07-01 07:18:11,page_view,Mobile App,Tablet,a19c3999-062,0
EVT000706,CUST0020,PROD0020,CAMP0004,2026-07-01 20:53:42,add_to_cart,Mobile App,Desktop,8c8f8fa5-41f,37.83
EVT000707,CUST0085,PROD0032,,2026-07-06 13:52:32,page_view,Mobile App,Tablet,82cec340-85f,0
EVT000708,CUST0070,PROD0035,CAMP0002,2026-07-05 21:31:56,product_view,Mobile App,Desktop,2baed3a3-446,45.83
EVT000709,CUST0049,PROD0029,CAMP0002,2026-07-03 00:17:35,product_view,Mobile App,Tablet,44603310-a87,33.31
EVT000710,CUST0056,PROD0009,,2026-07-04 13:19:45,page_view,Mobile App,Desktop,57fb9096-b05,0
EVT000711,CUST0073,PROD0044,CAMP0018,2026-07-07 03:17:36,purchase,Mobile App,Tablet,616e869a-376,105870.24
EVT000712,CUST0065,PROD0004,CAMP0016,2026-07-07 17:23:24,campaign_click,Mobile App,Desktop,5b70c602-25c,31.23
EVT000713,CUST0004,PROD0038,CAMP0012,2026-07-04 23:15:51,product_view,Web,Tablet,20acdd94-ac9,37.36
EVT000714,CUST0013,PROD0028,CAMP0012,2026-07-05 16:29:22,product_view,Web,Mobile,8afac8fd-c60,3.77
EVT000715,CUST0040,PROD0038,,2026-07-01 23:11:58,page_view,Web,Desktop,0cc6ba88-b6b,0
EVT000716,CUST0022,PROD0002,,2026-07-07 03:01:20,page_view,Web,Desktop,a6b151ee-463,0
EVT000717,CUST0055,PROD0037,CAMP0014,2026-07-04 00:48:01,add_to_cart,Web,Desktop,19890409-650,35.1
EVT000718,CUST0050,PROD0021,CAMP0016,2026-07-02 03:19:44,product_view,Mobile App,Desktop,3f91d6dd-a1e,34.08
EVT000719,CUST0098,,,2026-07-04 20:43:10,search,Mobile App,Desktop,9638fb57-9a4,0
EVT000720,CUST0026,,,2026-07-01 20:34:53,login,Web,Desktop,af495783-609,0
EVT000721,CUST0039,PROD0037,CAMP0008,2026-07-02 01:06:45,product_view,Web,Tablet,f71b9ca5-ed8,42.37
EVT000722,CUST0009,PROD0037,,2026-07-06 09:46:27,product_view,Web,Tablet,b682cecc-202,11.28
EVT000723,CUST0065,PROD0020,CAMP0018,2026-07-04 13:33:12,purchase,Mobile App,Desktop,54170e31-7b4,34409.9
EVT000724,CUST0059,PROD0043,,2026-07-03 01:18:56,add_to_cart,Web,Tablet,58b0d8ce-c6f,1.91
EVT000725,CUST0085,,,2026-07-06 07:36:17,search,Mobile App,Tablet,a2c4e4fa-6bb,0
EVT000726,CUST0008,PROD0034,,2026-07-03 06:47:23,remove_from_cart,Mobile App,Mobile,5a372f87-22a,0
EVT000727,CUST0096,PROD0044,,2026-07-04 09:59:54,page_view,Mobile App,Desktop,7691c47f-5df,0
EVT000728,CUST0009,PROD0041,CAMP0014,2026-07-04 00:53:52,product_view,Web,Desktop,ec1a4242-f64,15.07
EVT000729,CUST0031,PROD0026,CAMP0005,2026-07-03 04:24:01,add_to_cart,Mobile App,Desktop,be1f3bf8-1c0,13.03
EVT000730,CUST0056,,,2026-07-01 10:06:12,search,Web,Desktop,6420d182-77c,0
EVT000731,CUST0034,PROD0018,,2026-07-07 06:22:11,page_view,Web,Tablet,d02eefe3-524,0
EVT000732,CUST0003,,,2026-07-01 22:55:20,search,Mobile App,Mobile,6eaac168-4f7,0
EVT000733,CUST0053,PROD0024,,2026-07-02 00:39:25,campaign_click,Web,Mobile,e394d138-c47,47.21
EVT000734,CUST0095,PROD0033,,2026-07-02 08:56:33,page_view,Mobile App,Desktop,d3f0b1f7-1a5,0
EVT000735,CUST0031,PROD0039,CAMP0011,2026-07-04 17:55:53,campaign_click,Mobile App,Tablet,b054565c-74d,29.63
EVT000736,CUST0055,PROD0014,,2026-07-02 15:23:06,remove_from_cart,Web,Mobile,8b89aa4b-209,0
EVT000737,CUST0057,,,2026-07-03 21:26:55,login,Web,Desktop,b4e718c7-b57,0
EVT000738,CUST0090,,,2026-07-04 14:25:34,search,Mobile App,Desktop,371132dc-5d7,0
EVT000739,CUST0036,PROD0010,CAMP0012,2026-07-04 12:09:01,add_to_cart,Web,Tablet,f6c21d9c-e57,32.62
EVT000740,CUST0007,PROD0045,,2026-07-03 17:26:16,add_to_cart,Mobile App,Tablet,5347848d-156,28.08
EVT000741,CUST0047,PROD0044,,2026-07-02 09:19:34,wishlist,Web,Desktop,8c25e5be-d72,0
EVT000742,CUST0051,PROD0017,CAMP0008,2026-07-04 09:12:13,product_view,Web,Desktop,e6aa3c12-277,43.11
EVT000743,CUST0099,PROD0042,CAMP0002,2026-07-04 02:49:55,add_to_cart,Mobile App,Desktop,99138103-3b0,4.92
EVT000744,CUST0043,PROD0046,,2026-07-05 19:20:56,remove_from_cart,Web,Mobile,3f76ac3e-cb5,0
EVT000745,CUST0065,PROD0005,CAMP0020,2026-07-07 05:33:47,add_to_cart,Web,Mobile,00976103-5c3,17.01
EVT000746,CUST0024,PROD0041,CAMP0005,2026-07-01 00:50:25,add_to_cart,Mobile App,Desktop,b125b538-ecd,10.8
EVT000747,CUST0015,,,2026-07-03 20:09:33,search,Web,Tablet,c84ee402-963,0
EVT000748,CUST0041,PROD0029,CAMP0005,2026-07-03 23:10:11,add_to_cart,Mobile App,Desktop,07d6283d-dbc,34.69
EVT000749,CUST0054,PROD0024,,2026-07-03 01:40:25,page_view,Mobile App,Tablet,1be1c13c-52e,0
EVT000750,CUST0003,PROD0036,,2026-07-07 23:07:40,page_view,Web,Mobile,bdbc3e62-e30,0
EVT000751,CUST0026,,,2026-07-02 22:04:03,login,Mobile App,Tablet,42edfe26-1a6,0
EVT000752,CUST0034,PROD0010,CAMP0012,2026-07-02 22:27:36,product_view,Mobile App,Desktop,303101e6-545,6.75
EVT000753,CUST0064,PROD0008,CAMP0007,2026-07-03 04:01:55,purchase,Mobile App,Tablet,9acc6a83-452,127516.62
EVT000754,CUST0017,,,2026-07-03 08:25:38,search,Web,Desktop,8a2237d8-ffd,0
EVT000755,CUST0025,PROD0027,,2026-07-03 01:15:26,remove_from_cart,Web,Mobile,3d11c8f8-709,0
EVT000756,CUST0034,PROD0016,CAMP0008,2026-07-05 04:56:37,product_view,Mobile App,Mobile,c7f60dea-5e3,34.53
EVT000757,CUST0018,PROD0021,,2026-07-05 12:33:43,page_view,Web,Tablet,f247a24a-bb6,0
EVT000758,CUST0055,PROD0048,CAMP0003,2026-07-02 02:01:35,product_view,Mobile App,Mobile,e99bd53d-7cc,3.88
EVT000759,CUST0046,,,2026-07-07 19:21:45,search,Web,Mobile,900813a9-113,0
EVT000760,CUST0080,PROD0025,CAMP0013,2026-07-05 05:16:08,product_view,Web,Tablet,2bda3b84-06f,48.43
EVT000761,CUST0022,PROD0033,,2026-07-06 14:34:59,page_view,Mobile App,Desktop,9b5c4548-54e,0
EVT000762,CUST0041,PROD0046,,2026-07-07 00:50:27,page_view,Web,Desktop,5c973280-b36,0
EVT000763,CUST0006,PROD0009,,2026-07-06 16:19:55,page_view,Mobile App,Tablet,6b5d50cf-e6d,0
EVT000764,CUST0056,PROD0019,,2026-07-03 23:52:39,product_view,Mobile App,Tablet,cef00c15-8ac,41.65
EVT000765,CUST0022,PROD0021,,2026-07-06 14:09:48,product_view,Mobile App,Mobile,1d9ee625-983,47.55
EVT000766,CUST0007,PROD0015,,2026-07-03 02:00:02,page_view,Mobile App,Desktop,9290b092-67a,0
EVT000767,CUST0060,PROD0028,,2026-07-02 07:40:57,page_view,Mobile App,Mobile,e55f38ba-10d,0
EVT000768,CUST0091,PROD0036,CAMP0016,2026-07-02 06:43:54,product_view,Web,Mobile,de492ba9-4eb,36.27
EVT000769,CUST0027,PROD0019,CAMP0006,2026-07-06 18:55:52,product_view,Web,Tablet,a2c88115-258,14.37
EVT000770,CUST0001,,,2026-07-07 11:51:11,logout,Mobile App,Mobile,3c32ffa6-50f,0
EVT000771,CUST0064,PROD0044,,2026-07-02 01:45:56,page_view,Mobile App,Mobile,c25c2b4c-a71,0
EVT000772,CUST0088,PROD0008,CAMP0019,2026-07-02 04:57:53,product_view,Web,Mobile,3b35ed02-9b8,16.85
EVT000773,CUST0091,PROD0043,CAMP0009,2026-07-07 18:15:42,product_view,Web,Tablet,94f644ed-ac7,1.28
EVT000774,CUST0058,PROD0021,,2026-07-07 11:25:08,add_to_cart,Web,Tablet,e6d82ddb-fc0,11.36
EVT000775,CUST0008,PROD0048,CAMP0020,2026-07-05 08:08:05,product_view,Web,Mobile,b78edd71-ec1,20.54
EVT000776,CUST0052,,,2026-07-01 05:36:54,login,Web,Mobile,57b5a6d6-3f0,0
EVT000777,CUST0052,PROD0019,CAMP0005,2026-07-02 08:55:19,product_view,Mobile App,Tablet,fb362e26-0c9,25.05
EVT000778,CUST0040,PROD0044,CAMP0012,2026-07-02 02:14:53,purchase,Web,Desktop,0b9c67bd-f2a,105870.24
EVT000779,CUST0050,PROD0031,CAMP0020,2026-07-05 19:31:05,product_view,Mobile App,Tablet,7e39c328-3b8,38.07
EVT000780,CUST0081,PROD0028,,2026-07-02 01:22:02,page_view,Mobile App,Desktop,c7694468-8c4,0
EVT000781,CUST0083,PROD0044,,2026-07-06 15:15:33,add_to_cart,Web,Desktop,609426db-b51,31.85
EVT000782,CUST0011,PROD0031,CAMP0005,2026-07-04 10:01:53,product_view,Mobile App,Desktop,045718cb-aed,13.18
EVT000783,CUST0071,,,2026-07-01 12:18:32,search,Web,Tablet,ae400fab-7ef,0
EVT000784,CUST0013,PROD0030,,2026-07-07 11:13:52,product_view,Mobile App,Tablet,488b18de-094,13.42
EVT000785,CUST0065,PROD0002,,2026-07-02 07:06:47,page_view,Mobile App,Mobile,58805785-3a7,0
EVT000786,CUST0051,PROD0003,CAMP0010,2026-07-04 13:43:37,purchase,Mobile App,Tablet,e8ecdee9-ad3,231561.75
EVT000787,CUST0034,PROD0022,,2026-07-03 03:06:13,product_view,Mobile App,Tablet,5015d89b-9ce,10.07
EVT000788,CUST0069,PROD0002,,2026-07-01 01:35:25,page_view,Web,Mobile,ff32efba-40f,0
EVT000789,CUST0062,PROD0030,,2026-07-05 14:37:55,page_view,Mobile App,Desktop,b467134b-da1,0
EVT000790,CUST0079,PROD0024,,2026-07-05 11:51:51,add_to_cart,Web,Mobile,1e84ed98-a03,15.83
EVT000791,CUST0015,PROD0002,,2026-07-03 03:23:54,page_view,Web,Mobile,90ad78aa-328,0
EVT000792,CUST0019,,,2026-07-03 18:01:27,search,Web,Mobile,2f8c6f33-bac,0
EVT000793,CUST0060,PROD0010,CAMP0001,2026-07-02 07:48:10,product_view,Mobile App,Desktop,bdf96975-f7c,45.22
EVT000794,CUST0058,,,2026-07-03 18:15:12,search,Mobile App,Tablet,2d2fec59-dc6,0
EVT000795,CUST0051,PROD0004,CAMP0004,2026-07-05 21:54:26,purchase,Mobile App,Mobile,5f44e365-d24,148662.62
EVT000796,CUST0063,,,2026-07-07 17:23:46,search,Mobile App,Mobile,23aa19ef-caa,0
EVT000797,CUST0068,PROD0002,,2026-07-05 19:14:36,remove_from_cart,Mobile App,Tablet,dfa5c203-d38,0
EVT000798,CUST0083,PROD0027,,2026-07-06 09:15:07,page_view,Mobile App,Tablet,39cd5669-932,0
EVT000799,CUST0045,PROD0029,,2026-07-05 23:07:01,wishlist,Web,Desktop,71f045a8-f65,0
EVT000800,CUST0061,PROD0023,,2026-07-05 23:38:14,remove_from_cart,Web,Tablet,617f1ff2-e9f,0
EVT000801,CUST0044,PROD0039,,2026-07-06 07:55:08,campaign_click,Mobile App,Desktop,5c2a77d7-282,44.28
EVT000802,CUST0087,PROD0042,,2026-07-06 08:58:51,purchase,Web,Desktop,33d08281-036,79204.49
EVT000803,CUST0012,PROD0043,CAMP0006,2026-07-03 06:28:10,add_to_cart,Web,Desktop,e30d8049-2a3,30.68
EVT000804,CUST0064,PROD0020,,2026-07-03 16:05:13,wishlist,Web,Mobile,72a0eaef-5f6,0
EVT000805,CUST0034,PROD0023,,2026-07-02 23:42:52,product_view,Web,Mobile,23a039ec-f05,43.11
EVT000806,CUST0015,PROD0040,CAMP0018,2026-07-03 13:11:31,product_view,Mobile App,Desktop,c17c81c7-12a,13.63
EVT000807,CUST0099,PROD0036,CAMP0005,2026-07-06 20:44:38,purchase,Web,Tablet,1e34c89f-7b0,209564.28
EVT000808,CUST0057,PROD0030,,2026-07-02 06:17:06,page_view,Web,Tablet,3de8f3e5-b9c,0
EVT000809,CUST0014,PROD0011,,2026-07-02 08:14:55,page_view,Web,Desktop,0a032392-6d8,0
EVT000810,CUST0038,PROD0046,,2026-07-06 00:33:48,page_view,Mobile App,Tablet,447f638f-252,0
EVT000811,CUST0020,PROD0042,CAMP0005,2026-07-02 09:34:54,campaign_click,Mobile App,Mobile,ffd23e05-5fa,10.89
EVT000812,CUST0061,PROD0022,,2026-07-04 06:18:32,page_view,Web,Mobile,490455a2-f6e,0
EVT000813,CUST0092,PROD0049,CAMP0008,2026-07-02 17:23:48,product_view,Mobile App,Mobile,3098c097-066,37.92
EVT000814,CUST0055,PROD0027,,2026-07-05 15:46:57,page_view,Mobile App,Tablet,457eb0bc-f4f,0
EVT000815,CUST0047,PROD0002,CAMP0001,2026-07-06 21:16:04,purchase,Mobile App,Desktop,50c11617-9e1,77108.66
EVT000816,CUST0099,PROD0011,CAMP0013,2026-07-01 10:07:42,product_view,Web,Tablet,ab92c811-f65,46.2
EVT000817,CUST0081,PROD0046,,2026-07-06 21:56:18,page_view,Mobile App,Desktop,b601fc4e-1a2,0
EVT000818,CUST0090,PROD0036,,2026-07-04 13:39:58,campaign_click,Mobile App,Tablet,bb191e07-f13,17.86
EVT000819,CUST0019,PROD0045,CAMP0007,2026-07-07 04:39:39,add_to_cart,Mobile App,Tablet,de1dd8da-3ff,39.63
EVT000820,CUST0084,PROD0026,,2026-07-04 10:20:05,product_view,Mobile App,Desktop,7ac5c4e9-4e9,2.81
EVT000821,CUST0095,PROD0009,,2026-07-06 22:07:34,remove_from_cart,Mobile App,Mobile,84104308-f27,0
EVT000822,CUST0071,PROD0020,,2026-07-06 22:21:21,page_view,Web,Mobile,875e8de3-460,0
EVT000823,CUST0070,PROD0038,,2026-07-03 22:38:15,page_view,Mobile App,Tablet,16306187-642,0
EVT000824,CUST0065,PROD0008,,2026-07-05 05:50:16,product_view,Mobile App,Mobile,22392617-a10,31.72
EVT000825,CUST0084,PROD0008,,2026-07-06 02:32:19,page_view,Web,Desktop,f352a2a4-7d4,0
EVT000826,CUST0031,PROD0048,,2026-07-07 10:26:45,product_view,Web,Desktop,365dd97e-904,44.82
EVT000827,CUST0086,PROD0046,CAMP0005,2026-07-05 07:07:33,product_view,Web,Desktop,5ed85fe8-5ab,37.14
EVT000828,CUST0025,,,2026-07-05 02:39:29,search,Web,Mobile,0436f48c-d11,0
EVT000829,CUST0053,PROD0006,,2026-07-02 01:11:03,remove_from_cart,Mobile App,Mobile,8a4157d2-54e,0
EVT000830,CUST0058,,,2026-07-05 04:50:43,search,Mobile App,Tablet,824ab490-e81,0
EVT000831,CUST0100,,,2026-07-04 00:00:37,search,Mobile App,Tablet,6871c6b5-783,0
EVT000832,CUST0057,PROD0045,,2026-07-06 13:40:46,product_view,Web,Mobile,97880dbd-7ea,48.69
EVT000833,CUST0063,,,2026-07-06 04:59:08,search,Web,Tablet,578e8d01-d4e,0
EVT000834,CUST0061,PROD0003,,2026-07-02 18:49:35,page_view,Mobile App,Mobile,ccea3a42-4af,0
EVT000835,CUST0053,PROD0008,CAMP0019,2026-07-04 07:04:02,add_to_cart,Web,Desktop,e2763833-b71,26.62
EVT000836,CUST0048,PROD0020,CAMP0001,2026-07-02 15:00:09,product_view,Mobile App,Mobile,e338eed8-62b,39.41
EVT000837,CUST0040,PROD0019,,2026-07-03 10:52:11,wishlist,Mobile App,Mobile,56da1105-2c2,0
EVT000838,CUST0045,PROD0005,,2026-07-01 12:12:26,page_view,Mobile App,Tablet,606cb3ef-451,0
EVT000839,CUST0058,PROD0022,,2026-07-06 09:46:53,product_view,Web,Mobile,84d3cc53-7d4,36.28
EVT000840,CUST0059,,,2026-07-06 02:51:42,search,Mobile App,Mobile,13443418-b83,0
EVT000841,CUST0042,PROD0006,,2026-07-05 15:51:24,campaign_click,Mobile App,Desktop,749bb430-1ed,12.41
EVT000842,CUST0086,,,2026-07-04 03:44:41,search,Web,Mobile,bc9c3a32-ed0,0
EVT000843,CUST0074,PROD0041,,2026-07-04 12:20:35,add_to_cart,Web,Mobile,428b984c-352,32.61
EVT000844,CUST0070,PROD0037,,2026-07-01 14:26:36,wishlist,Web,Desktop,dce29951-47b,0
EVT000845,CUST0003,,,2026-07-07 01:13:11,search,Web,Desktop,a224b068-d77,0
EVT000846,CUST0032,PROD0046,,2026-07-07 14:15:28,purchase,Mobile App,Desktop,d108e9e9-4dc,23512.37
EVT000847,CUST0063,,,2026-07-04 20:49:27,search,Web,Desktop,492f2250-737,0
EVT000848,CUST0068,PROD0021,,2026-07-05 08:18:16,page_view,Web,Mobile,5219d2c4-2c8,0
EVT000849,CUST0070,,,2026-07-04 05:55:09,login,Web,Desktop,84fb54f6-eda,0
EVT000850,CUST0020,PROD0020,,2026-07-02 22:12:03,purchase,Mobile App,Mobile,12738716-74c,51614.85
EVT000851,CUST0008,PROD0020,,2026-07-05 10:28:06,page_view,Mobile App,Mobile,606eede6-8ff,0
EVT000852,CUST0042,PROD0017,CAMP0004,2026-07-01 14:09:12,product_view,Web,Desktop,d329c208-04e,12.74
EVT000853,CUST0065,,,2026-07-02 07:25:17,search,Web,Desktop,c89f4640-e25,0
EVT000854,CUST0053,PROD0005,CAMP0014,2026-07-03 15:49:58,product_view,Mobile App,Tablet,1686abf4-d4e,44.42
EVT000855,CUST0087,,,2026-07-03 19:15:48,login,Web,Desktop,bc4cf517-d88,0
EVT000856,CUST0058,,,2026-07-06 16:39:13,search,Web,Desktop,975fdbf0-4a8,0
EVT000857,CUST0022,,,2026-07-07 02:46:27,search,Mobile App,Mobile,b4fb83cb-b7e,0
EVT000858,CUST0060,PROD0040,,2026-07-04 06:59:41,page_view,Web,Mobile,0112512b-99a,0
EVT000859,CUST0062,PROD0018,,2026-07-07 19:15:16,page_view,Mobile App,Desktop,18b1ebdf-684,0
EVT000860,CUST0028,PROD0038,,2026-07-04 04:49:02,campaign_click,Web,Desktop,5fee7f0c-e40,8.91
EVT000861,CUST0090,PROD0008,,2026-07-02 14:08:46,page_view,Mobile App,Desktop,4f0d8bf6-9ec,0
EVT000862,CUST0065,PROD0021,,2026-07-04 21:33:40,page_view,Mobile App,Tablet,3f6852a6-29c,0
EVT000863,CUST0032,PROD0043,,2026-07-04 21:17:13,product_view,Mobile App,Mobile,ecf9ab2e-809,23.53
EVT000864,CUST0018,PROD0042,,2026-07-07 22:14:30,campaign_click,Web,Tablet,e33e7bb4-284,1.21
EVT000865,CUST0072,PROD0045,,2026-07-06 13:31:48,page_view,Mobile App,Tablet,5bd58b12-4b3,0
EVT000866,CUST0084,PROD0042,,2026-07-01 21:10:34,page_view,Web,Tablet,0ebe28e0-25b,0
EVT000867,CUST0016,PROD0023,,2026-07-05 06:46:52,product_view,Mobile App,Mobile,9fce22d9-79c,30.46
EVT000868,CUST0090,PROD0001,CAMP0012,2026-07-03 04:41:28,purchase,Web,Tablet,a4a8121a-8e6,61420.78
EVT000869,CUST0036,PROD0044,,2026-07-05 01:42:12,page_view,Web,Tablet,682523e7-80d,0
EVT000870,CUST0092,PROD0015,CAMP0016,2026-07-05 03:07:02,add_to_cart,Web,Mobile,1f4b2e90-87b,14.76
EVT000871,CUST0082,PROD0026,,2026-07-02 06:17:55,page_view,Mobile App,Tablet,f8b3a122-538,0
EVT000872,CUST0022,,,2026-07-03 04:54:42,search,Web,Mobile,d6ab1a39-414,0
EVT000873,CUST0096,,,2026-07-02 10:47:16,search,Web,Tablet,d36c06b2-399,0
EVT000874,CUST0036,PROD0013,,2026-07-01 06:18:44,remove_from_cart,Mobile App,Tablet,5f4836ef-a64,0
EVT000875,CUST0059,,,2026-07-05 20:37:41,search,Web,Desktop,1b7d8991-d79,0
EVT000876,CUST0053,PROD0018,CAMP0017,2026-07-06 07:24:31,product_view,Web,Tablet,b21659d8-fd5,18.71
EVT000877,CUST0036,PROD0027,,2026-07-07 01:23:28,page_view,Mobile App,Mobile,21687892-131,0
EVT000878,CUST0043,PROD0006,,2026-07-01 06:55:47,product_view,Mobile App,Mobile,329f5b23-e9f,12.06
EVT000879,CUST0026,PROD0011,CAMP0003,2026-07-02 02:24:01,campaign_click,Web,Tablet,2e1d8b3a-cb9,24.52
EVT000880,CUST0043,PROD0017,CAMP0016,2026-07-03 17:05:21,purchase,Mobile App,Tablet,01ecaf6f-dc8,70565.01
EVT000881,CUST0010,PROD0050,CAMP0015,2026-07-02 02:07:40,purchase,Web,Mobile,3acc0450-476,119981.86
EVT000882,CUST0005,,,2026-07-04 13:32:56,login,Web,Mobile,5ad0a57e-d16,0
EVT000883,CUST0057,PROD0004,,2026-07-04 10:19:39,page_view,Mobile App,Mobile,dfc88559-562,0
EVT000884,CUST0008,PROD0036,,2026-07-01 14:15:18,page_view,Mobile App,Desktop,43b22e67-86c,0
EVT000885,CUST0097,PROD0027,,2026-07-03 15:39:55,page_view,Web,Desktop,79f0523a-fc8,0
EVT000886,CUST0055,PROD0040,CAMP0011,2026-07-01 07:05:29,product_view,Web,Mobile,d73effbb-463,26.34
EVT000887,CUST0077,PROD0046,,2026-07-01 18:26:37,page_view,Web,Tablet,c77f77a1-1f0,0
EVT000888,CUST0066,PROD0017,,2026-07-05 01:02:26,page_view,Mobile App,Tablet,f4364b38-3ab,0
EVT000889,CUST0024,PROD0016,CAMP0002,2026-07-01 16:31:08,add_to_cart,Mobile App,Tablet,6db63c99-b38,16.27
EVT000890,CUST0097,PROD0023,,2026-07-04 12:58:37,wishlist,Web,Mobile,991e1ae3-3c9,0
EVT000891,CUST0078,PROD0022,CAMP0001,2026-07-06 21:21:37,product_view,Web,Mobile,61a9482f-8d4,33.23
EVT000892,CUST0072,PROD0004,,2026-07-05 19:15:22,page_view,Web,Mobile,dc9991e6-623,0
EVT000893,CUST0026,PROD0005,CAMP0016,2026-07-06 07:37:38,add_to_cart,Mobile App,Tablet,0cad724c-6f7,34.93
EVT000894,CUST0043,PROD0011,CAMP0002,2026-07-06 15:25:14,product_view,Web,Tablet,65ef0fe0-ea4,46.08
EVT000895,CUST0080,PROD0014,,2026-07-03 17:16:30,page_view,Mobile App,Tablet,6069552d-bba,0
EVT000896,CUST0052,PROD0012,,2026-07-01 01:50:23,product_view,Mobile App,Mobile,7eeec469-012,1.48
EVT000897,CUST0019,,,2026-07-06 00:15:12,search,Mobile App,Mobile,906bb89b-e5b,0
EVT000898,CUST0026,,,2026-07-04 05:34:11,login,Web,Desktop,e68a8a9f-e03,0
EVT000899,CUST0044,PROD0036,,2026-07-03 19:09:11,remove_from_cart,Web,Mobile,a490810f-852,0
EVT000900,CUST0034,PROD0007,,2026-07-01 05:43:53,page_view,Web,Desktop,28adc610-e25,0
EVT000901,CUST0015,PROD0022,,2026-07-04 11:18:29,add_to_cart,Mobile App,Tablet,001ca2ed-3a5,12.77
EVT000902,CUST0068,PROD0040,,2026-07-05 22:26:56,page_view,Web,Mobile,9664589f-e73,0
EVT000903,CUST0017,PROD0013,,2026-07-03 04:20:34,page_view,Mobile App,Tablet,e1afa70d-41b,0
EVT000904,CUST0077,PROD0028,,2026-07-03 18:46:58,product_view,Web,Tablet,759973da-1a5,3.26
EVT000905,CUST0020,PROD0021,CAMP0009,2026-07-02 10:31:54,product_view,Mobile App,Mobile,185b6047-3ec,25.91
EVT000906,CUST0061,PROD0043,,2026-07-07 23:54:04,remove_from_cart,Web,Tablet,02017db6-ed9,0
EVT000907,CUST0083,PROD0049,CAMP0016,2026-07-06 21:41:29,product_view,Mobile App,Tablet,de21afff-04f,9.77
EVT000908,CUST0092,PROD0032,CAMP0019,2026-07-05 13:29:40,add_to_cart,Web,Mobile,5d1035ec-fa2,46.14
EVT000909,CUST0026,PROD0029,,2026-07-03 16:00:25,page_view,Web,Desktop,39b12dd1-a0d,0
EVT000910,CUST0049,PROD0037,CAMP0012,2026-07-03 21:30:35,product_view,Web,Desktop,dc3b0188-128,5.15
EVT000911,CUST0046,PROD0015,CAMP0015,2026-07-06 19:52:39,product_view,Mobile App,Desktop,809fb1b5-942,17.48
EVT000912,CUST0048,PROD0032,CAMP0013,2026-07-01 06:44:11,product_view,Mobile App,Tablet,c14288ba-c62,22.64
EVT000913,CUST0011,PROD0019,,2026-07-06 17:00:32,page_view,Web,Desktop,6931893d-4ba,0
EVT000914,CUST0013,PROD0008,,2026-07-01 19:28:23,wishlist,Web,Tablet,5b4c2c72-cf3,0
EVT000915,CUST0026,PROD0044,,2026-07-04 17:54:16,page_view,Mobile App,Tablet,749301db-1ca,0
EVT000916,CUST0088,PROD0018,CAMP0020,2026-07-02 13:38:54,purchase,Mobile App,Mobile,32494116-dcf,146827.32
EVT000917,CUST0037,PROD0023,,2026-07-05 14:16:25,purchase,Web,Desktop,2dfad4b8-144,58605.24
EVT000918,CUST0098,PROD0010,,2026-07-03 14:08:14,add_to_cart,Web,Desktop,b6af01b6-1da,36.44
EVT000919,CUST0076,PROD0036,,2026-07-06 07:59:46,page_view,Mobile App,Desktop,20058e65-f09,0
EVT000920,CUST0041,PROD0013,CAMP0014,2026-07-03 09:13:28,purchase,Web,Desktop,49b31744-0d5,70014.66
EVT000921,CUST0017,PROD0020,,2026-07-01 02:38:31,page_view,Mobile App,Desktop,292173b2-ea1,0
EVT000922,CUST0055,PROD0044,,2026-07-05 14:08:48,page_view,Mobile App,Desktop,3dc835a3-77e,0
EVT000923,CUST0073,,,2026-07-02 13:59:09,search,Mobile App,Tablet,9fa2d1ec-6ff,0
EVT000924,CUST0078,PROD0039,CAMP0013,2026-07-05 08:07:13,add_to_cart,Web,Tablet,8add7042-db7,47.49
EVT000925,CUST0061,PROD0007,CAMP0015,2026-07-04 11:11:05,product_view,Web,Mobile,4c9598ad-238,9.4
EVT000926,CUST0078,PROD0032,CAMP0007,2026-07-01 18:58:58,purchase,Mobile App,Mobile,68ab52eb-f67,44672.04
EVT000927,CUST0085,PROD0034,,2026-07-01 19:06:29,page_view,Web,Desktop,7c61a793-1c9,0
EVT000928,CUST0022,,,2026-07-05 16:11:25,search,Web,Mobile,25c164cf-05a,0
EVT000929,CUST0054,PROD0031,,2026-07-01 18:46:24,page_view,Web,Mobile,d3d6fe0b-61b,0
EVT000930,CUST0040,PROD0028,,2026-07-06 09:38:10,campaign_click,Mobile App,Tablet,2107269c-960,30.58
EVT000931,CUST0092,PROD0044,,2026-07-06 05:19:17,page_view,Web,Mobile,1e3488bf-c0a,0
EVT000932,CUST0058,,,2026-07-05 13:01:38,logout,Web,Tablet,3d52c7c7-850,0
EVT000933,CUST0073,PROD0032,CAMP0019,2026-07-01 10:40:47,product_view,Mobile App,Desktop,1e3dddf1-2f5,5.46
EVT000934,CUST0092,PROD0020,CAMP0006,2026-07-05 17:20:15,add_to_cart,Mobile App,Desktop,6ea3dc3d-d14,9.8
EVT000935,CUST0085,PROD0012,,2026-07-02 02:05:25,product_view,Web,Mobile,5ec456ca-1bd,35.23
EVT000936,CUST0021,PROD0018,,2026-07-07 02:50:18,campaign_click,Web,Tablet,e82e05cd-5d1,33.67
EVT000937,CUST0028,PROD0032,,2026-07-05 16:18:48,remove_from_cart,Web,Desktop,e693dd8c-dd8,0
EVT000938,CUST0014,PROD0033,,2026-07-04 17:01:26,page_view,Mobile App,Mobile,96361fdb-926,0
EVT000939,CUST0065,PROD0003,CAMP0003,2026-07-06 06:07:24,product_view,Mobile App,Mobile,9c42c296-577,17.84
EVT000940,CUST0002,PROD0017,CAMP0005,2026-07-04 17:19:42,product_view,Mobile App,Desktop,2d9c1b3e-30e,37.69
EVT000941,CUST0071,PROD0043,,2026-07-03 18:09:45,page_view,Mobile App,Mobile,a0370a10-cb4,0
EVT000942,CUST0036,,,2026-07-02 22:34:53,search,Web,Tablet,132a8c88-9ae,0
EVT000943,CUST0038,PROD0008,,2026-07-07 01:59:47,page_view,Mobile App,Mobile,fa426fbd-bbd,0
EVT000944,CUST0098,PROD0001,,2026-07-04 02:36:09,page_view,Mobile App,Desktop,bc81e82f-d44,0
EVT000945,CUST0092,PROD0003,,2026-07-07 01:21:13,page_view,Mobile App,Tablet,b4d57760-0da,0
EVT000946,CUST0082,PROD0034,,2026-07-02 04:04:24,page_view,Mobile App,Desktop,84a1de42-0e2,0
EVT000947,CUST0001,PROD0004,,2026-07-05 07:03:49,page_view,Web,Mobile,6a2030ac-ef5,0
EVT000948,CUST0031,PROD0013,CAMP0014,2026-07-01 07:37:00,product_view,Web,Tablet,b17516ee-48e,17.52
EVT000949,CUST0029,PROD0007,,2026-07-02 21:50:46,add_to_cart,Mobile App,Tablet,f683855e-fe4,9.19
EVT000950,CUST0042,PROD0021,,2026-07-07 09:28:40,page_view,Web,Tablet,04cc9866-d50,0
EVT000951,CUST0070,PROD0026,,2026-07-05 20:50:07,page_view,Web,Mobile,ec1d0c95-6ee,0
EVT000952,CUST0042,PROD0012,,2026-07-01 04:05:25,page_view,Mobile App,Mobile,9f344ce5-b39,0
EVT000953,CUST0059,PROD0015,CAMP0009,2026-07-05 04:45:02,product_view,Web,Desktop,1f7dd19d-441,4.3
EVT000954,CUST0077,PROD0032,,2026-07-02 03:48:45,product_view,Web,Desktop,0ef40de3-805,27.27
EVT000955,CUST0077,PROD0021,,2026-07-05 10:06:43,wishlist,Web,Desktop,7456cba1-fcb,0
EVT000956,CUST0098,PROD0045,,2026-07-04 14:49:54,page_view,Mobile App,Mobile,a37b351b-06c,0
EVT000957,CUST0078,PROD0038,CAMP0017,2026-07-03 15:28:32,product_view,Web,Mobile,3b695bb9-46f,29.79
EVT000958,CUST0098,PROD0008,,2026-07-04 12:20:15,page_view,Mobile App,Mobile,93696ff3-4bb,0
EVT000959,CUST0008,PROD0009,CAMP0010,2026-07-03 07:09:09,add_to_cart,Web,Mobile,9e500d73-968,19.41
EVT000960,CUST0077,PROD0029,,2026-07-04 17:45:08,wishlist,Mobile App,Desktop,a9ec028d-f62,0
EVT000961,CUST0098,PROD0003,CAMP0014,2026-07-04 06:46:48,add_to_cart,Mobile App,Desktop,f8a7e178-1f2,2.16
EVT000962,CUST0070,PROD0004,,2026-07-03 19:48:51,page_view,Web,Tablet,2a9a65c3-1b2,0
EVT000963,CUST0067,PROD0021,CAMP0001,2026-07-01 17:38:55,campaign_click,Web,Mobile,128f326a-072,25.09
EVT000964,CUST0019,PROD0014,CAMP0006,2026-07-07 17:49:35,add_to_cart,Web,Mobile,9e86edec-b19,41.73
EVT000965,CUST0055,,,2026-07-06 07:32:19,search,Web,Tablet,afd06970-b68,0
EVT000966,CUST0055,PROD0012,,2026-07-07 21:26:15,page_view,Mobile App,Desktop,cd168b44-1b5,0
EVT000967,CUST0082,,,2026-07-04 02:14:55,search,Mobile App,Mobile,759480ac-1a4,0
EVT000968,CUST0047,PROD0026,,2026-07-05 07:08:10,wishlist,Mobile App,Desktop,bfbaa01b-242,0
EVT000969,CUST0079,PROD0048,CAMP0005,2026-07-06 11:37:01,product_view,Mobile App,Mobile,37d6ce16-622,38.33
EVT000970,CUST0039,PROD0039,,2026-07-07 02:41:09,remove_from_cart,Web,Desktop,1bd637f7-84b,0
EVT000971,CUST0040,PROD0030,CAMP0018,2026-07-07 21:29:30,product_view,Web,Tablet,6b0e51e0-fa2,4.53
EVT000972,CUST0020,PROD0013,CAMP0017,2026-07-05 06:11:31,product_view,Mobile App,Desktop,b266f747-d5c,20.82
EVT000973,CUST0048,,,2026-07-06 13:40:19,login,Web,Desktop,e8333eab-c41,0
EVT000974,CUST0016,PROD0025,,2026-07-02 20:20:12,campaign_click,Mobile App,Tablet,b11244b1-763,38.38
EVT000975,CUST0091,PROD0032,CAMP0012,2026-07-01 15:45:41,product_view,Mobile App,Tablet,03f7d95b-aa0,19.88
EVT000976,CUST0062,PROD0003,,2026-07-05 02:41:40,page_view,Web,Tablet,16ec5a60-d88,0
EVT000977,CUST0019,PROD0017,CAMP0005,2026-07-03 21:26:15,add_to_cart,Web,Mobile,c8c02ee6-f45,30.51
EVT000978,CUST0012,PROD0042,,2026-07-05 08:57:25,page_view,Web,Tablet,4777e7c1-3de,0
EVT000979,CUST0055,PROD0011,,2026-07-03 21:03:44,campaign_click,Mobile App,Tablet,1429d74f-edf,15.81
EVT000980,CUST0053,PROD0049,,2026-07-02 00:16:06,product_view,Mobile App,Mobile,ea3fbabc-299,32.17
EVT000981,CUST0027,PROD0048,CAMP0010,2026-07-01 01:45:10,product_view,Web,Mobile,d26ec3d9-fe9,41.0
EVT000982,CUST0090,PROD0027,,2026-07-06 23:20:26,page_view,Mobile App,Tablet,0852685d-3e4,0
EVT000983,CUST0023,PROD0024,CAMP0005,2026-07-03 06:04:31,product_view,Web,Desktop,8c8c4f55-370,9.92
EVT000984,CUST0028,,,2026-07-03 06:52:03,search,Web,Mobile,b1f7c317-53d,0
EVT000985,CUST0053,PROD0029,CAMP0020,2026-07-02 05:49:55,product_view,Web,Desktop,496b46e4-172,32.19
EVT000986,CUST0016,PROD0018,,2026-07-01 17:32:21,page_view,Web,Tablet,971f4873-6c9,0
EVT000987,CUST0063,PROD0044,,2026-07-02 03:31:00,page_view,Web,Desktop,40670e11-b8f,0
EVT000988,CUST0001,PROD0043,,2026-07-07 15:02:50,remove_from_cart,Web,Mobile,3dd07841-594,0
EVT000989,CUST0001,PROD0025,,2026-07-07 20:39:33,page_view,Mobile App,Desktop,9fe105dd-4bf,0
EVT000990,CUST0044,,,2026-07-05 21:16:21,search,Mobile App,Tablet,ac57845e-49e,0
EVT000991,CUST0041,PROD0016,,2026-07-05 12:48:24,campaign_click,Mobile App,Desktop,7bf781b6-e36,30.93
EVT000992,CUST0001,PROD0030,,2026-07-05 13:43:46,purchase,Web,Tablet,9ad8a678-370,20335.87
EVT000993,CUST0068,PROD0018,,2026-07-03 19:52:23,page_view,Mobile App,Tablet,083d7ade-b8a,0
EVT000994,CUST0061,PROD0033,CAMP0007,2026-07-01 00:51:40,add_to_cart,Mobile App,Mobile,d84dc941-827,47.92
EVT000995,CUST0006,PROD0048,CAMP0015,2026-07-03 15:46:38,add_to_cart,Web,Desktop,891ad054-01c,24.74
EVT000996,CUST0061,PROD0043,,2026-07-02 03:25:46,product_view,Web,Tablet,48bf6039-b59,19.86
EVT000997,CUST0067,PROD0037,,2026-07-06 17:47:02,page_view,Web,Desktop,e347ab5a-d7d,0
EVT000998,CUST0039,PROD0044,,2026-07-06 07:28:10,purchase,Web,Desktop,918f1388-8eb,105870.24
EVT000999,CUST0031,PROD0016,CAMP0003,2026-07-02 04:48:27,add_to_cart,Web,Mobile,2bc43010-1e9,49.67
EVT001000,CUST0042,PROD0025,,2026-07-04 04:33:14,wishlist,Mobile App,Tablet,9391610e-d40,0
